{
    "comment": "\nDistance: 1500m Conditions: Very light wind, perhaps slight crossing WSW tail at times of no more than 5MPH. Conditions similar throughout, with a slight tailwind developing in the last race. No current. Comments: Race order: G3, G2, G1, G4/5. Thanks to NMH and Hopkins for a great day of racing.\n\nNone",
    "day": "2024-04-20",
    "heats": [
        {
            "class": "fours",
            "gender": "girls",
            "results": [
                {
                    "margin_from_winner": 0,
                    "raw_time": "5:49.4",
                    "school": "Hopkins"
                },
                {
                    "margin_from_winner": 0.8,
                    "raw_time": "5:50.2",
                    "school": "NMH"
                },
                {
                    "margin_from_winner": 32.0,
                    "raw_time": "6:21.4",
                    "school": "Pomfret"
                }
            ],
            "varsity_index": "1"
        },
        {
            "class": "fours",
            "gender": "girls",
            "results": [
                {
                    "margin_from_winner": 0,
                    "raw_time": "6:05.7",
                    "school": "NMH"
                },
                {
                    "margin_from_winner": 16.2,
                    "raw_time": "6:21.9",
                    "school": "Hopkins"
                },
                {
                    "margin_from_winner": 42.9,
                    "raw_time": "6:48.6",
                    "school": "Pomfret"
                }
            ],
            "varsity_index": "2"
        },
        {
            "class": "fours",
            "gender": "girls",
            "results": [
                {
                    "margin_from_winner": 0,
                    "raw_time": "6:28.3",
                    "school": "NMH"
                },
                {
                    "margin_from_winner": 20.3,
                    "raw_time": "6:48.6",
                    "school": "Hopkins"
                },
                {
                    "margin_from_winner": 31.0,
                    "raw_time": "6:59.3",
                    "school": "Pomfret"
                }
            ],
            "varsity_index": "3"
        },
        {
            "class": "fours",
            "gender": "girls",
            "results": [
                {
                    "margin_from_winner": 0,
                    "raw_time": "6:16.5",
                    "school": "NMH"
                },
                {
                    "margin_from_winner": 32.2,
                    "raw_time": "6:48.7",
                    "school": "Pomfret"
                }
            ],
            "varsity_index": "4"
        }
    ],
    "regatta_display_name": "NEIRA Girls Fours,Pomfret vs. NMH, Hopkins",
    "url": "https://www.row2k.com/results/resultspage.cfm?UID=00FD5442533029F3F8C5DFD9A3F09907&cat=1"
}