{
    "comment": "\nDistance: approx. 1300m Conditions: Perfect racing conditions. Flat water for all races and no wind. Comments: Thank you to BC High for making the trip to Chebacco Lake. Perfect day for it. All races were exciting and the 1V came down to the last stroke. Great day for everyone.\n\nNone",
    "day": "2024-04-27",
    "heats": [
        {
            "class": "eights",
            "gender": "boys",
            "results": [
                {
                    "margin_from_winner": 0,
                    "raw_time": "4:15.0",
                    "school": "BC High"
                },
                {
                    "margin_from_winner": 0.7,
                    "raw_time": "4:15.7",
                    "school": "St. John's Prep"
                }
            ],
            "varsity_index": "1"
        },
        {
            "class": "eights",
            "gender": "boys",
            "results": [
                {
                    "margin_from_winner": 0,
                    "raw_time": "4:25.6",
                    "school": "BC High"
                },
                {
                    "margin_from_winner": 12.9,
                    "raw_time": "4:38.5",
                    "school": "St. John's Prep"
                }
            ],
            "varsity_index": "2"
        },
        {
            "class": "eights",
            "gender": "boys",
            "results": [
                {
                    "margin_from_winner": 0,
                    "raw_time": "4:31.3",
                    "school": "BC High"
                },
                {
                    "margin_from_winner": 5.7,
                    "raw_time": "4:37.0",
                    "school": "St. John's Prep"
                }
            ],
            "varsity_index": "3"
        },
        {
            "class": "eights",
            "gender": "boys",
            "results": [
                {
                    "margin_from_winner": 0,
                    "raw_time": "4:54.1",
                    "school": "BC High"
                },
                {
                    "margin_from_winner": 7.8,
                    "raw_time": "5:01.9",
                    "school": "St. John's Prep"
                }
            ],
            "varsity_index": "4"
        },
        {
            "class": "eights",
            "gender": "boys",
            "results": [
                {
                    "margin_from_winner": 0,
                    "raw_time": "5:05.8",
                    "school": "St. John's Prep"
                },
                {
                    "margin_from_winner": 7.6,
                    "raw_time": "5:13.4",
                    "school": "BC High"
                }
            ],
            "varsity_index": "5"
        }
    ],
    "regatta_display_name": "NEIRA Boys Eights,St. John's Prep vs. Boston College High School",
    "url": "https://www.row2k.com/results/resultspage.cfm?UID=02C6B837008230E6665D0C3F19487890&cat=1"
}