{
    "comment": "\nDistance: 1300 Conditions: Thank you Nobles for a great race!\nSteady crossing head wind for all races.\n\nNone",
    "day": "2024-05-04",
    "heats": [
        {
            "class": "fours",
            "gender": "girls",
            "results": [
                {
                    "margin_from_winner": 0,
                    "raw_time": "4:47.68",
                    "school": "Nobles"
                },
                {
                    "margin_from_winner": 3.53,
                    "raw_time": "4:51.21",
                    "school": "Winsor"
                }
            ],
            "varsity_index": "1"
        },
        {
            "class": "fours",
            "gender": "girls",
            "results": [
                {
                    "margin_from_winner": 0,
                    "raw_time": "4:50.65",
                    "school": "Nobles"
                },
                {
                    "margin_from_winner": 15.51,
                    "raw_time": "5:06.16",
                    "school": "Winsor"
                }
            ],
            "varsity_index": "2"
        },
        {
            "class": "fours",
            "gender": "girls",
            "results": [
                {
                    "margin_from_winner": 0,
                    "raw_time": "4:59.24",
                    "school": "Nobles"
                },
                {
                    "margin_from_winner": 6.75,
                    "raw_time": "5:05.99",
                    "school": "Winsor"
                }
            ],
            "varsity_index": "3"
        },
        {
            "class": "fours",
            "gender": "girls",
            "results": [
                {
                    "margin_from_winner": 0,
                    "raw_time": "5:12.62",
                    "school": "Nobles"
                },
                {
                    "margin_from_winner": 1.38,
                    "raw_time": "5:14.00",
                    "school": "Winsor"
                }
            ],
            "varsity_index": "4"
        }
    ],
    "regatta_display_name": "NEIRA Girls Fours, The Winsor School vs. Nobles",
    "url": "https://www.row2k.com/results/resultspage.cfm?UID=04A0E710667843CC6B974150865EFE56&cat=1"
}