{
    "comment": "\nDistance: 1250 Conditions: Fair conditions with slight gusts during racing. Comments: Brookline raced a 3v/4v in the 2v event. 2v event started a touch over the start line.\n\nNone",
    "day": "2024-04-14",
    "heats": [
        {
            "class": "eights",
            "gender": "boys",
            "results": [
                {
                    "margin_from_winner": 0,
                    "raw_time": "3:57.12",
                    "school": "Brookline"
                },
                {
                    "margin_from_winner": 3.78,
                    "raw_time": "4:00.90",
                    "school": "Boston Latin"
                }
            ],
            "varsity_index": "1"
        },
        {
            "class": "eights",
            "gender": "boys",
            "results": [
                {
                    "margin_from_winner": 0,
                    "raw_time": "3:57.37",
                    "school": "Brookline"
                },
                {
                    "margin_from_winner": 14.8,
                    "raw_time": "4:12.17",
                    "school": "Boston Latin"
                }
            ],
            "varsity_index": "2"
        }
    ],
    "regatta_display_name": "NEIRA Boys Eights,Boston Latin School vs Brookline High School",
    "url": "https://www.row2k.com/results/resultspage.cfm?UID=09220DA7336A1394F7FD04227504EAAE&cat=1"
}