{
    "comment": "\nDistance: 1300 Conditions: Flat and equal conditions across all races. Steering in 3V race resulted in both crews finishing off the course with an indistinguishable margin (deemed a tie). 4V crews reversed lanes mid-race, potentially impacting margin but not finish order. 5th and 6th boats were composite to provide a race for all athletes. Thank you to BB&N for a fun race!\n\nNone",
    "day": "2024-04-27",
    "heats": [
        {
            "class": "fours",
            "gender": "girls",
            "results": [
                {
                    "margin_from_winner": 0,
                    "raw_time": "4:48.63",
                    "school": "BB&N"
                },
                {
                    "margin_from_winner": 6.41,
                    "raw_time": "4:55.04",
                    "school": "Winsor"
                }
            ],
            "varsity_index": "1"
        },
        {
            "class": "fours",
            "gender": "girls",
            "results": [
                {
                    "margin_from_winner": 0,
                    "raw_time": "5:05.74",
                    "school": "Winsor"
                },
                {
                    "margin_from_winner": 4.43,
                    "raw_time": "5:10.17",
                    "school": "BB&N"
                }
            ],
            "varsity_index": "2"
        },
        {
            "class": "fours",
            "gender": "girls",
            "results": [
                {
                    "margin_from_winner": 0,
                    "raw_time": "5:05.92",
                    "school": "Winsor"
                },
                {
                    "margin_from_winner": 0.0,
                    "raw_time": "5:05.92",
                    "school": "BB&N"
                }
            ],
            "varsity_index": "3"
        },
        {
            "class": "fours",
            "gender": "girls",
            "results": [
                {
                    "margin_from_winner": 0,
                    "raw_time": "5:10.08",
                    "school": "Winsor"
                },
                {
                    "margin_from_winner": 8.13,
                    "raw_time": "5:18.21",
                    "school": "BB&N"
                }
            ],
            "varsity_index": "4"
        },
        {
            "class": "fours",
            "gender": "girls",
            "results": [
                {
                    "margin_from_winner": 0,
                    "raw_time": "5:26.9",
                    "school": "BB&N"
                },
                {
                    "margin_from_winner": 6.73,
                    "raw_time": "5:33.63",
                    "school": "Winsor"
                }
            ],
            "varsity_index": "5"
        },
        {
            "class": "fours",
            "gender": "girls",
            "results": [
                {
                    "margin_from_winner": 0,
                    "raw_time": "5:29.77",
                    "school": "BB&N"
                },
                {
                    "margin_from_winner": 7.71,
                    "raw_time": "5:37.48",
                    "school": "Winsor"
                }
            ],
            "varsity_index": "6"
        }
    ],
    "regatta_display_name": "NEIRA,The Winsor School vs. BB&N",
    "url": "https://www.row2k.com/results/resultspage.cfm?UID=0A06BB5337D4EBAFB4A716F6CCD660BF&cat=1"
}