{
    "comment": "\nDistance: 1500 Conditions: 4 MPH head wind, ending at a 6mph headwind by the last race (G2V4) Comments: Lyme Old Lyme raced 3 boys varsity 4s but only the 1V4 was against a NEIRA program.\nLyme Old Lyme also raced a 3V4 girls in the 2V4 race and the time is recorded in the third boat time.\n\nNone",
    "day": "2024-04-24",
    "heats": [
        {
            "class": "fours",
            "gender": "boys",
            "results": [
                {
                    "margin_from_winner": 0,
                    "raw_time": "5:22.96",
                    "school": "Lyme/Old Lyme"
                },
                {
                    "margin_from_winner": 39.48,
                    "raw_time": "6:02.44",
                    "school": "Valley Regional"
                }
            ],
            "varsity_index": "1"
        },
        {
            "class": "fours",
            "gender": "girls",
            "results": [
                {
                    "margin_from_winner": 0,
                    "raw_time": "6:11.76",
                    "school": "Lyme/Old Lyme"
                },
                {
                    "margin_from_winner": 23.4,
                    "raw_time": "6:35.16",
                    "school": "Valley Regional"
                }
            ],
            "varsity_index": "1"
        },
        {
            "class": "fours",
            "gender": "girls",
            "results": [
                {
                    "margin_from_winner": 0,
                    "raw_time": "6:30.00",
                    "school": "Lyme/Old Lyme"
                },
                {
                    "margin_from_winner": 32.38,
                    "raw_time": "7:02.38",
                    "school": "Valley Regional"
                }
            ],
            "varsity_index": "2"
        }
    ],
    "regatta_display_name": "NEIRA Boys & Girls Fours,Lyme/Old Lyme V Valley",
    "url": "https://www.row2k.com/results/resultspage.cfm?UID=0B538421DF95D95D5523F6EF4CB5CD04&cat=5"
}