{
    "comment": "\nDistance: 1500m Conditions: Mild headwind, slight chop, slack tide for the 1st girls race. Old Saybrook (not in league) also competed. Comments: Old Saybrook (not in league) raced in 2nd boys and 3rd girls events.\n\nNone",
    "day": "2024-04-27",
    "heats": [
        {
            "class": "fours",
            "gender": "boys",
            "results": [
                {
                    "margin_from_winner": 0,
                    "raw_time": "6:11.0",
                    "school": "Valley Regional"
                },
                {
                    "margin_from_winner": 23.0,
                    "raw_time": "6:34.0",
                    "school": "St. Mary's-Lynn"
                }
            ],
            "varsity_index": "1"
        },
        {
            "class": "fours",
            "gender": "girls",
            "results": [
                {
                    "margin_from_winner": 0,
                    "raw_time": "6:47.0",
                    "school": "Valley Regional"
                },
                {
                    "margin_from_winner": 1.8,
                    "raw_time": "6:48.8",
                    "school": "St. Mary's-Lynn"
                },
                {
                    "margin_from_winner": 7.0,
                    "raw_time": "6:54.0",
                    "school": "St. Mary Academy-Bay View"
                },
                {
                    "margin_from_winner": 14.3,
                    "raw_time": "7:01.3",
                    "school": "Lincoln"
                }
            ],
            "varsity_index": "1"
        },
        {
            "class": "fours",
            "gender": "girls",
            "results": [
                {
                    "margin_from_winner": 0,
                    "raw_time": "7:27.0",
                    "school": "Valley Regional"
                },
                {
                    "margin_from_winner": 13.0,
                    "raw_time": "7:40.0",
                    "school": "Lincoln"
                },
                {
                    "margin_from_winner": 20.6,
                    "raw_time": "7:47.6",
                    "school": "St. Mary Academy-Bay View"
                },
                {
                    "margin_from_winner": 57.6,
                    "raw_time": "8:24.6",
                    "school": "St. Mary's-Lynn"
                }
            ],
            "varsity_index": "2"
        }
    ],
    "regatta_display_name": "NEIRA Boys & Girls Fours,St. Mary Academy - Bay View, Lincoln, St. Mary's - Lynn, Valley Regional",
    "url": "https://www.row2k.com/results/resultspage.cfm?UID=1004BB53FFEA236A97E11B8A53F16514&cat=5"
}