{
    "comment": "\nDistance: 1500m Conditions: Partly cloudy, with variable winds switching from cross-wind to cross-tail 8-12mph. Quite calm for 4th boat races, picked up during 1V and 2V races. Comments: Times for G3 weren't started until about 650m in, so we got margins only.\n\nNone",
    "day": "2024-04-20",
    "heats": [
        {
            "class": "fours",
            "gender": "boys",
            "results": [
                {
                    "margin_from_winner": 0,
                    "raw_time": "5:06.6",
                    "school": "Middlesex"
                },
                {
                    "margin_from_winner": 0.6,
                    "raw_time": "5:07.2",
                    "school": "Brooks"
                },
                {
                    "margin_from_winner": 12.3,
                    "raw_time": "5:18.9",
                    "school": "St. Mark's"
                }
            ],
            "varsity_index": "1"
        },
        {
            "class": "fours",
            "gender": "boys",
            "results": [
                {
                    "margin_from_winner": 0,
                    "raw_time": "5:19.0",
                    "school": "Brooks"
                },
                {
                    "margin_from_winner": 16.7,
                    "raw_time": "5:35.7",
                    "school": "Middlesex"
                },
                {
                    "margin_from_winner": 17.2,
                    "raw_time": "5:36.2",
                    "school": "St. Mark's"
                }
            ],
            "varsity_index": "2"
        },
        {
            "class": "fours",
            "gender": "boys",
            "results": [
                {
                    "margin_from_winner": 0,
                    "raw_time": "5:33.6",
                    "school": "Brooks"
                },
                {
                    "margin_from_winner": 24.8,
                    "raw_time": "5:58.4",
                    "school": "St. Mark's"
                }
            ],
            "varsity_index": "3"
        },
        {
            "class": "fours",
            "gender": "boys",
            "results": [
                {
                    "margin_from_winner": 0,
                    "raw_time": "5:31.3",
                    "school": "Brooks"
                },
                {
                    "margin_from_winner": 53.5,
                    "raw_time": "6:24.8",
                    "school": "St. Mark's"
                }
            ],
            "varsity_index": "4"
        },
        {
            "class": "fours",
            "gender": "girls",
            "results": [
                {
                    "margin_from_winner": 0,
                    "raw_time": "5:33.8",
                    "school": "Brooks"
                },
                {
                    "margin_from_winner": 9.3,
                    "raw_time": "5:43.1",
                    "school": "Middlesex"
                },
                {
                    "margin_from_winner": 20.9,
                    "raw_time": "5:54.7",
                    "school": "St. Mark's"
                }
            ],
            "varsity_index": "1"
        },
        {
            "class": "fours",
            "gender": "girls",
            "results": [
                {
                    "margin_from_winner": 0,
                    "raw_time": "5:45.9",
                    "school": "Brooks"
                },
                {
                    "margin_from_winner": 10.3,
                    "raw_time": "5:56.2",
                    "school": "Middlesex"
                },
                {
                    "margin_from_winner": 19.7,
                    "raw_time": "6:05.6",
                    "school": "St. Mark's"
                }
            ],
            "varsity_index": "2"
        },
        {
            "class": "fours",
            "gender": "girls",
            "results": [
                {
                    "margin_from_winner": 0,
                    "raw_time": "W",
                    "school": "St. Mark's"
                },
                {
                    "margin_from_winner": 1.3,
                    "raw_time": "+1.3",
                    "school": "Middlesex"
                },
                {
                    "margin_from_winner": 6.5,
                    "raw_time": "+6.5",
                    "school": "Brooks"
                }
            ],
            "varsity_index": "3"
        },
        {
            "class": "fours",
            "gender": "girls",
            "results": [
                {
                    "margin_from_winner": 0,
                    "raw_time": "6:07.4",
                    "school": "St. Mark's"
                },
                {
                    "margin_from_winner": 4.1,
                    "raw_time": "6:11.5",
                    "school": "Middlesex"
                },
                {
                    "margin_from_winner": 11.4,
                    "raw_time": "6:18.8",
                    "school": "Brooks"
                }
            ],
            "varsity_index": "4"
        }
    ],
    "regatta_display_name": "NEIRA Boys & Girls Fours,St. Marks, Brooks and Middlesex",
    "url": "https://www.row2k.com/results/resultspage.cfm?UID=1212EB177D795078E02FE5D2820D6C1B&cat=5"
}