{
    "comment": "\nDistance: 1250m Conditions: Light variable cross head all morning. Events run from 4Vs through 1Vs Comments: Thank you to Hingham for a great morning of racing!\n\nNone",
    "day": "2024-05-05",
    "heats": [
        {
            "class": "eights",
            "gender": "boys",
            "results": [
                {
                    "margin_from_winner": 0,
                    "raw_time": "4:01.71",
                    "school": "Hingham"
                },
                {
                    "margin_from_winner": 4.01,
                    "raw_time": "4:05.72",
                    "school": "Brookline"
                }
            ],
            "varsity_index": "1"
        },
        {
            "class": "eights",
            "gender": "boys",
            "results": [
                {
                    "margin_from_winner": 0,
                    "raw_time": "4:11.22",
                    "school": "Brookline"
                },
                {
                    "margin_from_winner": 9.08,
                    "raw_time": "4:20.3",
                    "school": "Hingham"
                }
            ],
            "varsity_index": "2"
        },
        {
            "class": "eights",
            "gender": "boys",
            "results": [
                {
                    "margin_from_winner": 0,
                    "raw_time": "4:24.02",
                    "school": "Brookline"
                },
                {
                    "margin_from_winner": 6.88,
                    "raw_time": "4:30.9",
                    "school": "Hingham"
                }
            ],
            "varsity_index": "3"
        },
        {
            "class": "eights",
            "gender": "boys",
            "results": [
                {
                    "margin_from_winner": 0,
                    "raw_time": "4:30.01",
                    "school": "Brookline"
                },
                {
                    "margin_from_winner": 32.59,
                    "raw_time": "5:02.6",
                    "school": "Hingham"
                }
            ],
            "varsity_index": "4"
        },
        {
            "class": "eights",
            "gender": "girls",
            "results": [
                {
                    "margin_from_winner": 0,
                    "raw_time": "4:18.72",
                    "school": "Brookline"
                },
                {
                    "margin_from_winner": 9.94,
                    "raw_time": "4:28.66",
                    "school": "Hingham"
                }
            ],
            "varsity_index": "1"
        },
        {
            "class": "eights",
            "gender": "girls",
            "results": [
                {
                    "margin_from_winner": 0,
                    "raw_time": "4:31.16",
                    "school": "Brookline"
                },
                {
                    "margin_from_winner": 3.02,
                    "raw_time": "4:34.18",
                    "school": "Hingham"
                }
            ],
            "varsity_index": "2"
        },
        {
            "class": "eights",
            "gender": "girls",
            "results": [
                {
                    "margin_from_winner": 0,
                    "raw_time": "4:43.51",
                    "school": "Hingham"
                },
                {
                    "margin_from_winner": 7.6,
                    "raw_time": "4:51.11",
                    "school": "Brookline"
                }
            ],
            "varsity_index": "3"
        }
    ],
    "regatta_display_name": "NEIRA Boys & Girls Eights,Brookline High School vs. Hingham High School",
    "url": "https://www.row2k.com/results/resultspage.cfm?UID=1503618ED0C1F7D1A570D0E2F88E59D1&cat=5"
}