{
    "comment": "\nDistance: 1300 Conditions: Cross tailwind around 5 mph, very slight chop with some gusts. Floating start, race times should not be compared. Comments: All starts were floating with a variable gusts, race times should not be compared.\nThird boats were Novice 8+'s and fourth and fifth boats were 4+'s.\nGlastonbury 3V8+ caught a crab about 150m into the race. Hotchkiss 2V8 had an oarlock pop open for around 200m before stopping and fixing it.\nThank you to Avon, Middletown and Hotchkiss for coming down for a great day of racing. Hotchkiss wins the Mahoney Cup, Glastonbury wins the Carstens Cup.\n\nNone",
    "day": "2024-04-21",
    "heats": [
        {
            "class": "eights",
            "gender": "boys",
            "results": [
                {
                    "margin_from_winner": 0,
                    "raw_time": "4:09.89",
                    "school": "Hotchkiss"
                },
                {
                    "margin_from_winner": 3.34,
                    "raw_time": "4:13.23",
                    "school": "Glastonbury"
                }
            ],
            "varsity_index": "1"
        },
        {
            "class": "eights",
            "gender": "boys",
            "results": [
                {
                    "margin_from_winner": 0,
                    "raw_time": "4:37.43",
                    "school": "Glastonbury"
                },
                {
                    "margin_from_winner": 15.68,
                    "raw_time": "4:53.11",
                    "school": "Hotchkiss"
                }
            ],
            "varsity_index": "2"
        },
        {
            "class": "eights",
            "gender": "girls",
            "results": [
                {
                    "margin_from_winner": 0,
                    "raw_time": "4:36.60",
                    "school": "Glastonbury"
                },
                {
                    "margin_from_winner": 15.63,
                    "raw_time": "4:52.23",
                    "school": "Hotchkiss"
                }
            ],
            "varsity_index": "1"
        },
        {
            "class": "eights",
            "gender": "girls",
            "results": [
                {
                    "margin_from_winner": 0,
                    "raw_time": "4:47.91",
                    "school": "Glastonbury"
                },
                {
                    "margin_from_winner": 24.4,
                    "raw_time": "5:12.31",
                    "school": "Hotchkiss"
                }
            ],
            "varsity_index": "2"
        }
    ],
    "regatta_display_name": "NEIRA Boys & Girls Eights,Mahoney Cup: Glastonbury vs. Hotchkiss, Avon, Middletown",
    "url": "https://www.row2k.com/results/resultspage.cfm?UID=16655D45C19917353A60332C40B27209&cat=5"
}