{
    "comment": "\nDistance: 1500 Conditions: Tail Current with a strong tail/cross wind with occasional gusts. Fun conditions for first race of the season! Thank you for Brewster for making the trip. Comments: Mixed boats were exhibition events and a combo of boys and girls of various skill levels - anything to get some new rowers more racing experience!\n\nNone",
    "day": "2024-04-13",
    "heats": [
        {
            "class": "fours",
            "gender": "boys",
            "results": [
                {
                    "margin_from_winner": 0,
                    "raw_time": "5:37.9",
                    "school": "Berwick"
                },
                {
                    "margin_from_winner": 8.3,
                    "raw_time": "5:46.2",
                    "school": "Brewster Academy"
                }
            ],
            "varsity_index": "1"
        },
        {
            "class": "fours",
            "gender": "girls",
            "results": [
                {
                    "margin_from_winner": 0,
                    "raw_time": "5:44.3",
                    "school": "Brewster Academy"
                },
                {
                    "margin_from_winner": 78.1,
                    "raw_time": "7:02.4",
                    "school": "Berwick"
                }
            ],
            "varsity_index": "1"
        }
    ],
    "regatta_display_name": "NEIRA Boys & Girls Fours,Berwick Academy vs. Brewster Academy",
    "url": "https://www.row2k.com/results/resultspage.cfm?UID=193F4296CB862153CF0FD21B95E6AB20&cat=5"
}