{
    "comment": "\nDistance: 1201 Conditions: Down Stream no wind and flat calm for 1VG, 1VB, 2VG. Head wind ~5mph for 2VB race Comments: Raced on Farmington\u2019s New Course with stake boat. In the 1VB race Farmington caught a crab at half way mark, recovered and kept going. Thank you for Hotchkiss and Sacred Heart for making the trip to Farmington on a week day.\n\nNone",
    "day": "2024-05-01",
    "heats": [
        {
            "class": "eights",
            "gender": "boys",
            "results": [
                {
                    "margin_from_winner": 0,
                    "raw_time": "3:46.75",
                    "school": "Hotchkiss"
                },
                {
                    "margin_from_winner": 17.43,
                    "raw_time": "4:04.18",
                    "school": "Farmington"
                }
            ],
            "varsity_index": "1"
        },
        {
            "class": "eights",
            "gender": "boys",
            "results": [
                {
                    "margin_from_winner": 0,
                    "raw_time": "4:07.99",
                    "school": "Hotchkiss"
                },
                {
                    "margin_from_winner": 3.2,
                    "raw_time": "4:11.19",
                    "school": "Farmington"
                }
            ],
            "varsity_index": "2"
        },
        {
            "class": "eights",
            "gender": "girls",
            "results": [
                {
                    "margin_from_winner": 0,
                    "raw_time": "4:18.40",
                    "school": "Hotchkiss"
                },
                {
                    "margin_from_winner": 0.79,
                    "raw_time": "4:19.19",
                    "school": "Sacred Heart"
                },
                {
                    "margin_from_winner": 4.56,
                    "raw_time": "4:22.96",
                    "school": "Farmington"
                }
            ],
            "varsity_index": "1"
        },
        {
            "class": "eights",
            "gender": "girls",
            "results": [
                {
                    "margin_from_winner": 0,
                    "raw_time": "4:33.64",
                    "school": "Hotchkiss"
                },
                {
                    "margin_from_winner": 0.83,
                    "raw_time": "4:34.47",
                    "school": "Farmington"
                }
            ],
            "varsity_index": "2"
        }
    ],
    "regatta_display_name": "NEIRA Boys & Girls Eights,Farmington, Hotchkiss, Sacred Heart",
    "url": "https://www.row2k.com/results/resultspage.cfm?UID=194ECDDCE8F3CBCE6A1EEDAACD36E22D&cat=5"
}