{
    "comment": "\nDistance: 1250m Conditions: Conditions all the same. Rain, no wind, slight tail current. Comments: Boys 3rd boats started 3/4 length over the line.\nVery good racing in the rain.\n\nNone",
    "day": "2024-05-18",
    "heats": [
        {
            "class": "fours",
            "gender": "boys",
            "results": [
                {
                    "margin_from_winner": 0,
                    "raw_time": "3:51.4",
                    "school": "Groton"
                },
                {
                    "margin_from_winner": 1.6,
                    "raw_time": "3:53",
                    "school": "St. Mark's"
                }
            ],
            "varsity_index": "1"
        },
        {
            "class": "fours",
            "gender": "boys",
            "results": [
                {
                    "margin_from_winner": 0,
                    "raw_time": "4:05.5",
                    "school": "Groton"
                },
                {
                    "margin_from_winner": 16.5,
                    "raw_time": "4:22.0",
                    "school": "St. Mark's"
                }
            ],
            "varsity_index": "2"
        },
        {
            "class": "fours",
            "gender": "boys",
            "results": [
                {
                    "margin_from_winner": 0,
                    "raw_time": "4:00.7",
                    "school": "Groton"
                },
                {
                    "margin_from_winner": 18.0,
                    "raw_time": "4:18.7",
                    "school": "St. Mark's"
                }
            ],
            "varsity_index": "3"
        },
        {
            "class": "fours",
            "gender": "boys",
            "results": [
                {
                    "margin_from_winner": 0,
                    "raw_time": "4:17.3",
                    "school": "Groton"
                },
                {
                    "margin_from_winner": 8.5,
                    "raw_time": "4:25.8",
                    "school": "St. Mark's"
                }
            ],
            "varsity_index": "4"
        },
        {
            "class": "fours",
            "gender": "girls",
            "results": [
                {
                    "margin_from_winner": 0,
                    "raw_time": "4:15.8",
                    "school": "Groton"
                },
                {
                    "margin_from_winner": 15.8,
                    "raw_time": "4:31.6",
                    "school": "St. Mark's"
                }
            ],
            "varsity_index": "1"
        },
        {
            "class": "fours",
            "gender": "girls",
            "results": [
                {
                    "margin_from_winner": 0,
                    "raw_time": "4:22.9",
                    "school": "Groton"
                },
                {
                    "margin_from_winner": 17.4,
                    "raw_time": "4:40.3",
                    "school": "St. Mark's"
                }
            ],
            "varsity_index": "2"
        },
        {
            "class": "fours",
            "gender": "girls",
            "results": [
                {
                    "margin_from_winner": 0,
                    "raw_time": "4:29.4",
                    "school": "St. Mark's"
                },
                {
                    "margin_from_winner": 4.8,
                    "raw_time": "4:34.2",
                    "school": "Groton"
                }
            ],
            "varsity_index": "3"
        },
        {
            "class": "fours",
            "gender": "girls",
            "results": [
                {
                    "margin_from_winner": 0,
                    "raw_time": "4:44.2",
                    "school": "Groton"
                },
                {
                    "margin_from_winner": 3.9,
                    "raw_time": "4:48.1",
                    "school": "St. Mark's"
                }
            ],
            "varsity_index": "4"
        }
    ],
    "regatta_display_name": "NEIRA Boys & Girls Fours,St. Mark's at Groton. Cooke Family Cup",
    "url": "https://www.row2k.com/results/resultspage.cfm?UID=1D8E97828C9D3693798AABF74C77AE19&cat=5"
}