{
    "comment": "\nDistance: 1500 meters\n\nNone",
    "day": "2024-05-05",
    "heats": [
        {
            "class": "fours",
            "gender": "boys",
            "results": [
                {
                    "margin_from_winner": 0,
                    "raw_time": "5:32",
                    "school": "St. Mark's"
                },
                {
                    "margin_from_winner": 6.0,
                    "raw_time": "5:38",
                    "school": "Pingree"
                }
            ],
            "varsity_index": "1"
        },
        {
            "class": "fours",
            "gender": "boys",
            "results": [
                {
                    "margin_from_winner": 0,
                    "raw_time": "6:30",
                    "school": "Pingree"
                },
                {
                    "margin_from_winner": 6.0,
                    "raw_time": "6:36",
                    "school": "St. Mark's"
                }
            ],
            "varsity_index": "3"
        },
        {
            "class": "fours",
            "gender": "girls",
            "results": [
                {
                    "margin_from_winner": 0,
                    "raw_time": "5:59",
                    "school": "St. Mark's"
                },
                {
                    "margin_from_winner": 39.0,
                    "raw_time": "6:38",
                    "school": "Pingree"
                }
            ],
            "varsity_index": "1"
        }
    ],
    "regatta_display_name": "NEIRA Boys & Girls Fours,Pingree, St. Mary's, Dublin, Lowell High",
    "url": "https://www.row2k.com/results/resultspage.cfm?UID=1FC84CA27BD452269AD455A4A9687A9D&cat=5"
}