{
    "comment": "\nDistance: 1350m Conditions: Excellent conditions.\nCloudy and cool\nMostly flat water.\nA very light headwind for later races. Comments: In boys 4th boat race, Groton and BB&N clashed blades for roughly the first 20 strokes due to Groton moving into BB&N's lane off the start. This did not affect the order of finish but did have an effect on margins. Both boats handled the situation well once within it.\n5th boats raced on the Powerhouse course approximately 2 hours earlier than Varsity racing.\nNOTE: 6th, 7th boat races took place on the Charles River JV course, from Northeastern to the Kayak Pavilion.\nBB&N and Nobles also raced their 7th and 8th boat crews in eights, a race which was slightly shorter due to a restart.\nTimes for this race were:\nNobles: 2:22.3\nBB&N: 2:30.1\nmany thanks to all crews and coaches for a great day of racing for full teams.\n\nNone",
    "day": "2024-04-20",
    "heats": [
        {
            "class": "fours",
            "gender": "boys",
            "results": [
                {
                    "margin_from_winner": 0,
                    "raw_time": "4:16.60",
                    "school": "Groton"
                },
                {
                    "margin_from_winner": 2.08,
                    "raw_time": "4:18.68",
                    "school": "Nobles"
                },
                {
                    "margin_from_winner": 8.47,
                    "raw_time": "4:25.07",
                    "school": "BB&N"
                }
            ],
            "varsity_index": "1"
        },
        {
            "class": "fours",
            "gender": "boys",
            "results": [
                {
                    "margin_from_winner": 0,
                    "raw_time": "4:25.69",
                    "school": "Nobles"
                },
                {
                    "margin_from_winner": 7.84,
                    "raw_time": "4:33.53",
                    "school": "Groton"
                },
                {
                    "margin_from_winner": 10.31,
                    "raw_time": "4:36.00",
                    "school": "BB&N"
                }
            ],
            "varsity_index": "2"
        },
        {
            "class": "fours",
            "gender": "boys",
            "results": [
                {
                    "margin_from_winner": 0,
                    "raw_time": "4:33.81",
                    "school": "Nobles"
                },
                {
                    "margin_from_winner": 1.21,
                    "raw_time": "4:35.02",
                    "school": "Groton"
                },
                {
                    "margin_from_winner": 21.34,
                    "raw_time": "4:55.15",
                    "school": "BB&N"
                }
            ],
            "varsity_index": "3"
        },
        {
            "class": "fours",
            "gender": "boys",
            "results": [
                {
                    "margin_from_winner": 0,
                    "raw_time": "4:41.15",
                    "school": "Nobles"
                },
                {
                    "margin_from_winner": 16.24,
                    "raw_time": "4:57.39",
                    "school": "Groton"
                },
                {
                    "margin_from_winner": 32.73,
                    "raw_time": "5:13.88",
                    "school": "BB&N"
                }
            ],
            "varsity_index": "4"
        },
        {
            "class": "fours",
            "gender": "boys",
            "results": [
                {
                    "margin_from_winner": 0,
                    "raw_time": "4:39",
                    "school": "Nobles"
                },
                {
                    "margin_from_winner": 36.0,
                    "raw_time": "5:15",
                    "school": "BB&N"
                }
            ],
            "varsity_index": "5"
        },
        {
            "class": "fours",
            "gender": "boys",
            "results": [
                {
                    "margin_from_winner": 0,
                    "raw_time": "5:26",
                    "school": "Nobles"
                },
                {
                    "margin_from_winner": 13.0,
                    "raw_time": "5:39",
                    "school": "BB&N"
                }
            ],
            "varsity_index": "6"
        }
    ],
    "regatta_display_name": "NEIRA,Buckingham, Browne & Nichols vs Nobles, Groton",
    "url": "https://www.row2k.com/results/resultspage.cfm?UID=20E78FECE0268B5584D1E5BC6689C505&cat=1"
}