{
    "comment": "\nDistance: 1500 meters\n\nNone",
    "day": "2024-04-20",
    "heats": [
        {
            "class": "fours",
            "gender": "boys",
            "results": [
                {
                    "margin_from_winner": 0,
                    "raw_time": "6:25",
                    "school": "Pingree"
                },
                {
                    "margin_from_winner": 35.0,
                    "raw_time": "7:00",
                    "school": "BU Academy"
                }
            ],
            "varsity_index": "1"
        },
        {
            "class": "fours",
            "gender": "boys",
            "results": [
                {
                    "margin_from_winner": 0,
                    "raw_time": "7:50",
                    "school": "Pingree"
                },
                {
                    "margin_from_winner": 15.0,
                    "raw_time": "8:05",
                    "school": "BU Academy"
                }
            ],
            "varsity_index": "2"
        }
    ],
    "regatta_display_name": "NEIRA Boys Fours,Pingree School, Boston University Academy",
    "url": "https://www.row2k.com/results/resultspage.cfm?UID=23CC2067AD3F4FF2DCAAB53A534BC81E&cat=1"
}