{
    "comment": "\nDistance: 1300m Conditions: Great water. Modest wind, shifting over the course of the racing from calm & tail to calm & head. Race order was from 4V8-1V4 Comments: A beautiful day on the Chalres and great racing by all of the crews! Belmont Hill retains the Ducey Cup by virtue of winning the 1V4 race.\n\nNone",
    "day": "2024-04-27",
    "heats": [
        {
            "class": "fours",
            "gender": "boys",
            "results": [
                {
                    "margin_from_winner": 0,
                    "raw_time": "4:13.4",
                    "school": "Belmont Hill"
                },
                {
                    "margin_from_winner": 12.3,
                    "raw_time": "4:25.7",
                    "school": "BB&N"
                }
            ],
            "varsity_index": "1"
        },
        {
            "class": "fours",
            "gender": "boys",
            "results": [
                {
                    "margin_from_winner": 0,
                    "raw_time": "4:21.4",
                    "school": "Belmont Hill"
                },
                {
                    "margin_from_winner": 12.4,
                    "raw_time": "4:33.8",
                    "school": "BB&N"
                }
            ],
            "varsity_index": "2"
        },
        {
            "class": "fours",
            "gender": "boys",
            "results": [
                {
                    "margin_from_winner": 0,
                    "raw_time": "4:26.1",
                    "school": "Belmont Hill"
                },
                {
                    "margin_from_winner": 13.0,
                    "raw_time": "4:39.1",
                    "school": "BB&N"
                }
            ],
            "varsity_index": "3"
        },
        {
            "class": "fours",
            "gender": "boys",
            "results": [
                {
                    "margin_from_winner": 0,
                    "raw_time": "4:31.5",
                    "school": "Belmont Hill"
                },
                {
                    "margin_from_winner": 23.3,
                    "raw_time": "4:54.8",
                    "school": "BB&N"
                }
            ],
            "varsity_index": "4"
        },
        {
            "class": "fours",
            "gender": "boys",
            "results": [
                {
                    "margin_from_winner": 0,
                    "raw_time": "4:23.4",
                    "school": "Belmont Hill"
                },
                {
                    "margin_from_winner": 32.0,
                    "raw_time": "4:55.4",
                    "school": "BB&N"
                }
            ],
            "varsity_index": "5"
        },
        {
            "class": "fours",
            "gender": "boys",
            "results": [
                {
                    "margin_from_winner": 0,
                    "raw_time": "4:45.1",
                    "school": "Belmont Hill"
                },
                {
                    "margin_from_winner": 17.0,
                    "raw_time": "5:02.1",
                    "school": "BB&N"
                }
            ],
            "varsity_index": "6"
        }
    ],
    "regatta_display_name": "NEIRA Boys Fours,Belmont Hill vs BBN/The Ducey Cup, including JV races",
    "url": "https://www.row2k.com/results/resultspage.cfm?UID=25084165812CED4AFD5819AADD12D8EF&cat=1"
}