{
    "comment": "\nDistance: 1500 Conditions: Variety Girls 1\ncoxed 4s\nstrong tail current, modern head wind, moderate chop.\n\nNone",
    "day": "2024-04-18",
    "heats": [
        {
            "class": "fours",
            "gender": "girls",
            "results": [
                {
                    "margin_from_winner": 0,
                    "raw_time": "6:10.9",
                    "school": "Middletown"
                },
                {
                    "margin_from_winner": 21.0,
                    "raw_time": "6:31.9",
                    "school": "Suffield"
                }
            ],
            "varsity_index": "1"
        }
    ],
    "regatta_display_name": "NEIRA Girls Fours,Suffield Academy vs. Middletown",
    "url": "https://www.row2k.com/results/resultspage.cfm?UID=2AFDF758778B38E961BC1C1092DCA2B8&cat=1"
}