{
    "comment": "\nDistance: 1500 meters Conditions: Cold and rainy with otherwise good conditions. Light wind and flat water. All crews started 1-2 seats over the line. Comments: Many thanks to Deerfield and Exeter for making the trip and for excellent racing. St. Paul's retains the Davis Cup contested between SPS and Exeter, awarded to the winner of the majority of the girls' and boys' races (boats 1-4). With a 4-4 tie this year, SPS wins by virtue of the tie-breaker (in even years the winner of the girls' first eight).\n\nNone",
    "day": "2024-05-18",
    "heats": [
        {
            "class": "eights",
            "gender": "girls",
            "results": [
                {
                    "margin_from_winner": 0,
                    "raw_time": "4:58.8",
                    "school": "St. Paul's"
                },
                {
                    "margin_from_winner": 1.0,
                    "raw_time": "4:59.8",
                    "school": "Exeter"
                },
                {
                    "margin_from_winner": 6.8,
                    "raw_time": "5:05.6",
                    "school": "Deerfield"
                }
            ],
            "varsity_index": "1"
        },
        {
            "class": "eights",
            "gender": "girls",
            "results": [
                {
                    "margin_from_winner": 0,
                    "raw_time": "5:18.7",
                    "school": "Deerfield"
                },
                {
                    "margin_from_winner": 7.4,
                    "raw_time": "5:26.1",
                    "school": "Exeter"
                },
                {
                    "margin_from_winner": 12.3,
                    "raw_time": "5:31.0",
                    "school": "St. Paul's"
                }
            ],
            "varsity_index": "2"
        },
        {
            "class": "eights",
            "gender": "girls",
            "results": [
                {
                    "margin_from_winner": 0,
                    "raw_time": "5:24.5",
                    "school": "St. Paul's"
                },
                {
                    "margin_from_winner": 5.4,
                    "raw_time": "5:29.9",
                    "school": "Deerfield"
                },
                {
                    "margin_from_winner": 12.9,
                    "raw_time": "5:37.4",
                    "school": "Exeter"
                }
            ],
            "varsity_index": "3"
        },
        {
            "class": "eights",
            "gender": "girls",
            "results": [
                {
                    "margin_from_winner": 0,
                    "raw_time": "5:41.9",
                    "school": "St. Paul's"
                },
                {
                    "margin_from_winner": 1.7,
                    "raw_time": "5:43.6",
                    "school": "Deerfield"
                },
                {
                    "margin_from_winner": 10.6,
                    "raw_time": "5:52.5",
                    "school": "Exeter"
                }
            ],
            "varsity_index": "4"
        },
        {
            "class": "eights",
            "gender": "girls",
            "results": [
                {
                    "margin_from_winner": 0,
                    "raw_time": "5:55.2",
                    "school": "St. Paul's"
                },
                {
                    "margin_from_winner": 10.2,
                    "raw_time": "6:05.4",
                    "school": "Deerfield"
                },
                {
                    "margin_from_winner": 14.6,
                    "raw_time": "6:09.8",
                    "school": "Exeter"
                }
            ],
            "varsity_index": "5"
        }
    ],
    "regatta_display_name": "NEIRA Girls Eights, Exeter vs. Deerfield vs. St. Paul's",
    "url": "https://www.row2k.com/results/resultspage.cfm?UID=2B65ABC40BEF9D5B8692EE8C149D3128&cat=1"
}