{
    "comment": "\nDistance: 1400m Conditions: 3mph tailwind Comments: All starts were floating starts. Races are not comparable. Race Order G1, B1, GN, BN. Thank you Farmington for a great morning of racing!\n\nNone",
    "day": "2024-04-20",
    "heats": [
        {
            "class": "eights",
            "gender": "boys",
            "results": [
                {
                    "margin_from_winner": 0,
                    "raw_time": "4:45.0",
                    "school": "Farmington"
                },
                {
                    "margin_from_winner": 12.6,
                    "raw_time": "4:57.6",
                    "school": "Guilford"
                }
            ],
            "varsity_index": "1"
        },
        {
            "class": "eights",
            "gender": "girls",
            "results": [
                {
                    "margin_from_winner": 0,
                    "raw_time": "5:20.0",
                    "school": "Guilford"
                },
                {
                    "margin_from_winner": 1.1,
                    "raw_time": "5:21.1",
                    "school": "Farmington"
                }
            ],
            "varsity_index": "1"
        }
    ],
    "regatta_display_name": "NEIRA Boys & Girls Eights,Guilford High School vs Farmington High School",
    "url": "https://www.row2k.com/results/resultspage.cfm?UID=2D89FFB1693C84B71BE3E39CB54EABE0&cat=5"
}