{
    "comment": "\nDistance: 1500m & 2000m Conditions: Quartering headwind. Gusty at 1500m to go. Raced against incoming tide. Comments: 2nd Boat race distance was 1500m. 1st boat race distance was 2000m, but there was a restart 100m in due to a collision. Winsor's 3rd boat raced in the 2nd boat race with a time of 10:50.0. Thank you Winsor for coming to Providence and thank you NBC juniors for also racing us.\n\nNone",
    "day": "2024-05-08",
    "heats": [
        {
            "class": "fours",
            "gender": "girls",
            "results": [
                {
                    "margin_from_winner": 0,
                    "raw_time": "8:55",
                    "school": "Winsor"
                },
                {
                    "margin_from_winner": 32.0,
                    "raw_time": "9:27",
                    "school": "Lincoln"
                },
                {
                    "margin_from_winner": 56.0,
                    "raw_time": "9:51",
                    "school": "St. Mary Academy-Bay View"
                }
            ],
            "varsity_index": "1"
        },
        {
            "class": "fours",
            "gender": "girls",
            "results": [
                {
                    "margin_from_winner": 0,
                    "raw_time": "10:09.99",
                    "school": "Winsor"
                },
                {
                    "margin_from_winner": 121.8,
                    "raw_time": "12:11.79",
                    "school": "Lincoln"
                }
            ],
            "varsity_index": "2"
        }
    ],
    "regatta_display_name": "NEIRA Girls Fours, Lincoln, St Mary Academy - Bay View, Winsor",
    "url": "https://www.row2k.com/results/resultspage.cfm?UID=30B27B4C6C15B94BF9C433DFE19F68FC&cat=1"
}