{
    "comment": "\nDistance: 1400 meters upstream Conditions: Moderate current that increased during racing and a variable light to moderate wind that changed both direction and speed from race to race. Floating starts. Comments: Thanks to St. Paul's and Duxbury for making the trip and to the 34 crews that raced today!\n\nNone",
    "day": "2024-05-11",
    "heats": [
        {
            "class": "eights",
            "gender": "boys",
            "results": [
                {
                    "margin_from_winner": 0,
                    "raw_time": "4:37.2",
                    "school": "St. Paul's"
                },
                {
                    "margin_from_winner": 5.3,
                    "raw_time": "4:42.5",
                    "school": "Hanover"
                },
                {
                    "margin_from_winner": 13.6,
                    "raw_time": "4:50.8",
                    "school": "Duxbury"
                }
            ],
            "varsity_index": "1"
        },
        {
            "class": "eights",
            "gender": "boys",
            "results": [
                {
                    "margin_from_winner": 0,
                    "raw_time": "4:50.6",
                    "school": "St. Paul's"
                },
                {
                    "margin_from_winner": 4.6,
                    "raw_time": "4:55.2",
                    "school": "Duxbury"
                },
                {
                    "margin_from_winner": 8.5,
                    "raw_time": "4:59.1",
                    "school": "Hanover"
                }
            ],
            "varsity_index": "2"
        },
        {
            "class": "eights",
            "gender": "boys",
            "results": [
                {
                    "margin_from_winner": 0,
                    "raw_time": "4:56.8",
                    "school": "St. Paul's"
                },
                {
                    "margin_from_winner": 15.0,
                    "raw_time": "5:11.8",
                    "school": "Duxbury"
                },
                {
                    "margin_from_winner": 34.2,
                    "raw_time": "5:31.0",
                    "school": "Hanover"
                }
            ],
            "varsity_index": "3"
        },
        {
            "class": "eights",
            "gender": "boys",
            "results": [
                {
                    "margin_from_winner": 0,
                    "raw_time": "4:48.8",
                    "school": "St. Paul's"
                },
                {
                    "margin_from_winner": 15.1,
                    "raw_time": "5:03.9",
                    "school": "Duxbury"
                },
                {
                    "margin_from_winner": 19.6,
                    "raw_time": "5:08.4",
                    "school": "Hanover"
                }
            ],
            "varsity_index": "4"
        },
        {
            "class": "eights",
            "gender": "boys",
            "results": [
                {
                    "margin_from_winner": 0,
                    "raw_time": "4:52.5",
                    "school": "St. Paul's"
                },
                {
                    "margin_from_winner": 15.8,
                    "raw_time": "5:08.3",
                    "school": "Duxbury"
                },
                {
                    "margin_from_winner": 42.9,
                    "raw_time": "5:35.4",
                    "school": "Hanover"
                }
            ],
            "varsity_index": "5"
        },
        {
            "class": "eights",
            "gender": "boys",
            "results": [
                {
                    "margin_from_winner": 0,
                    "raw_time": "5:51.7",
                    "school": "Duxbury"
                },
                {
                    "margin_from_winner": 20.2,
                    "raw_time": "6:11.9",
                    "school": "Hanover"
                },
                {
                    "margin_from_winner": 20.6,
                    "raw_time": "6:12.3",
                    "school": "St. Paul's"
                }
            ],
            "varsity_index": "6"
        },
        {
            "class": "eights",
            "gender": "girls",
            "results": [
                {
                    "margin_from_winner": 0,
                    "raw_time": "5:15.0",
                    "school": "St. Paul's"
                },
                {
                    "margin_from_winner": 8.8,
                    "raw_time": "5:23.8",
                    "school": "Duxbury"
                },
                {
                    "margin_from_winner": 18.8,
                    "raw_time": "5:33.8",
                    "school": "Hanover"
                }
            ],
            "varsity_index": "1"
        },
        {
            "class": "eights",
            "gender": "girls",
            "results": [
                {
                    "margin_from_winner": 0,
                    "raw_time": "5:32.3",
                    "school": "St. Paul's"
                },
                {
                    "margin_from_winner": 13.5,
                    "raw_time": "5:45.8",
                    "school": "Duxbury"
                },
                {
                    "margin_from_winner": 16.7,
                    "raw_time": "5:49.0",
                    "school": "Hanover"
                }
            ],
            "varsity_index": "2"
        },
        {
            "class": "eights",
            "gender": "girls",
            "results": [
                {
                    "margin_from_winner": 0,
                    "raw_time": "5:32.9",
                    "school": "St. Paul's"
                },
                {
                    "margin_from_winner": 10.9,
                    "raw_time": "5:43.8",
                    "school": "Duxbury"
                },
                {
                    "margin_from_winner": 28.9,
                    "raw_time": "6:01.8",
                    "school": "Hanover"
                }
            ],
            "varsity_index": "3"
        },
        {
            "class": "eights",
            "gender": "girls",
            "results": [
                {
                    "margin_from_winner": 0,
                    "raw_time": "5:57.9",
                    "school": "Hanover"
                },
                {
                    "margin_from_winner": 5.6,
                    "raw_time": "6:03.5",
                    "school": "St. Paul's"
                },
                {
                    "margin_from_winner": 14.4,
                    "raw_time": "6:12.3",
                    "school": "Duxbury"
                }
            ],
            "varsity_index": "4"
        },
        {
            "class": "eights",
            "gender": "girls",
            "results": [
                {
                    "margin_from_winner": 0,
                    "raw_time": "6:11.8",
                    "school": "Hanover"
                },
                {
                    "margin_from_winner": 22.2,
                    "raw_time": "6:34.0",
                    "school": "Duxbury"
                },
                {
                    "margin_from_winner": 64.2,
                    "raw_time": "7:16.0",
                    "school": "St. Paul's"
                }
            ],
            "varsity_index": "5"
        }
    ],
    "regatta_display_name": "NEIRA Boys & Girls Eights,Hanover HS vs St Paul's and Duxbury",
    "url": "https://www.row2k.com/results/resultspage.cfm?UID=30C9B44AFF3AC8DBFC47B1A33DF18A94&cat=5"
}