{
    "comment": "\nDistance: 1300 Conditions: Solid conditions. Gusts here and there, but overall a great day for rowing\n\nNone",
    "day": "2024-04-14",
    "heats": [
        {
            "class": "eights",
            "gender": "girls",
            "results": [
                {
                    "margin_from_winner": 0,
                    "raw_time": "4:19",
                    "school": "Boston Latin"
                },
                {
                    "margin_from_winner": 3.0,
                    "raw_time": "4:22",
                    "school": "Brookline"
                }
            ],
            "varsity_index": "1"
        },
        {
            "class": "eights",
            "gender": "girls",
            "results": [
                {
                    "margin_from_winner": 0,
                    "raw_time": "4:32",
                    "school": "Boston Latin"
                },
                {
                    "margin_from_winner": 2.0,
                    "raw_time": "4:34",
                    "school": "Brookline"
                }
            ],
            "varsity_index": "2"
        },
        {
            "class": "eights",
            "gender": "girls",
            "results": [
                {
                    "margin_from_winner": 0,
                    "raw_time": "4:41",
                    "school": "Boston Latin"
                },
                {
                    "margin_from_winner": 25.0,
                    "raw_time": "5:06",
                    "school": "Brookline"
                }
            ],
            "varsity_index": "3"
        }
    ],
    "regatta_display_name": "NEIRA Girls Eights,Salvo Cup Girls: Boston Latin School vs. Brookline High School",
    "url": "https://www.row2k.com/results/resultspage.cfm?UID=31E673C4586D091CFD32824113D00134&cat=1"
}