{
    "comment": "\nDistance: 1250m Conditions: Quartering tail wind 2V\nHead wind for both the V3 & Novice heats.\n\nNone",
    "day": "2024-05-11",
    "heats": [
        {
            "class": "eights",
            "gender": "boys",
            "results": [
                {
                    "margin_from_winner": 0,
                    "raw_time": "3:34.45",
                    "school": "St. John's Prep"
                },
                {
                    "margin_from_winner": 5.28,
                    "raw_time": "3:39.73",
                    "school": "Stonington"
                },
                {
                    "margin_from_winner": 11.34,
                    "raw_time": "3:45.79",
                    "school": "East Lyme"
                }
            ],
            "varsity_index": "1"
        },
        {
            "class": "eights",
            "gender": "boys",
            "results": [
                {
                    "margin_from_winner": 0,
                    "raw_time": "3:39.97",
                    "school": "Stonington"
                },
                {
                    "margin_from_winner": 2.81,
                    "raw_time": "3:42.78",
                    "school": "St. John's Prep"
                },
                {
                    "margin_from_winner": 25.8,
                    "raw_time": "4:05.77",
                    "school": "East Lyme"
                }
            ],
            "varsity_index": "2"
        },
        {
            "class": "eights",
            "gender": "boys",
            "results": [
                {
                    "margin_from_winner": 0,
                    "raw_time": "4:12.88",
                    "school": "St. John's Prep"
                },
                {
                    "margin_from_winner": 10.19,
                    "raw_time": "4:23.07",
                    "school": "Stonington"
                }
            ],
            "varsity_index": "3"
        },
        {
            "class": "eights",
            "gender": "boys",
            "results": [
                {
                    "margin_from_winner": 0,
                    "raw_time": "4:31.67",
                    "school": "St. John's Prep"
                },
                {
                    "margin_from_winner": 7.68,
                    "raw_time": "4:39.35",
                    "school": "East Lyme"
                }
            ],
            "varsity_index": "4"
        }
    ],
    "regatta_display_name": "NEIRA Boys Eights, St. john's prep, Stonington, East Lyme",
    "url": "https://www.row2k.com/results/resultspage.cfm?UID=3348B7AB3BCE8AAC3FAEEA9ED1789860&cat=1"
}