{
    "comment": "\nDistance: 1500M Conditions: Solid cross headwind (starboard to port), steady 10-15 MPH, occasional gusts up to ~20MPH throughout. Light but steady rain through most of the racing. Comments: Races alternated between girls and boys. Order of races: B5, B4, B3, B6, B2, B1. Thanks to Hopkins and Nobles for good racing.\n\nNone",
    "day": "2024-05-18",
    "heats": [
        {
            "class": "fours",
            "gender": "boys",
            "results": [
                {
                    "margin_from_winner": 0,
                    "raw_time": "5:22.1",
                    "school": "Nobles"
                },
                {
                    "margin_from_winner": 5.4,
                    "raw_time": "5:27.5",
                    "school": "Hopkins"
                },
                {
                    "margin_from_winner": 7.5,
                    "raw_time": "5:29.6",
                    "school": "Pomfret"
                }
            ],
            "varsity_index": "1"
        },
        {
            "class": "fours",
            "gender": "boys",
            "results": [
                {
                    "margin_from_winner": 0,
                    "raw_time": "5:36.0",
                    "school": "Nobles"
                },
                {
                    "margin_from_winner": 18.3,
                    "raw_time": "5:54.3",
                    "school": "Hopkins"
                },
                {
                    "margin_from_winner": 23.8,
                    "raw_time": "5:59.8",
                    "school": "Pomfret"
                }
            ],
            "varsity_index": "2"
        },
        {
            "class": "fours",
            "gender": "boys",
            "results": [
                {
                    "margin_from_winner": 0,
                    "raw_time": "5:53.4",
                    "school": "Nobles"
                },
                {
                    "margin_from_winner": 24.3,
                    "raw_time": "6:17.7",
                    "school": "Pomfret"
                },
                {
                    "margin_from_winner": 33.6,
                    "raw_time": "6:27.0",
                    "school": "Hopkins"
                }
            ],
            "varsity_index": "3"
        },
        {
            "class": "fours",
            "gender": "boys",
            "results": [
                {
                    "margin_from_winner": 0,
                    "raw_time": "5:42.6",
                    "school": "Nobles"
                },
                {
                    "margin_from_winner": 50.5,
                    "raw_time": "6:33.1",
                    "school": "Pomfret"
                },
                {
                    "margin_from_winner": 56.6,
                    "raw_time": "6:39.2",
                    "school": "Hopkins"
                }
            ],
            "varsity_index": "4"
        },
        {
            "class": "fours",
            "gender": "boys",
            "results": [
                {
                    "margin_from_winner": 0,
                    "raw_time": "5:56.0",
                    "school": "Nobles"
                },
                {
                    "margin_from_winner": 59.6,
                    "raw_time": "6:55.6",
                    "school": "Pomfret"
                }
            ],
            "varsity_index": "5"
        }
    ],
    "regatta_display_name": "NEIRA Boys , Pomfret v. Hopkins, Nobles",
    "url": "https://www.row2k.com/results/resultspage.cfm?UID=36B37BA4661B961497A29CE5C39FC791&cat=1"
}