{
    "comment": "\nDistance: 1500m Conditions: ~9MPH crossing headwind from lane 6 to lane 1, with occasional gusts. Beginning of race slightly choppier than finish. Conditions seemed to improve marginally by last race (G1). Comments: Alternated races with boys races. Order of girls races: G-Novice, G4, G3, G5, G2, G1. The novice boat race is listed in the sixth boat category. Crossing wind pushed almost all boats at least one lane to port. Several referee calls for boats to move to starboard in the lower boat races. Congratulations to Taft G1 for winning the 2024 du Pont Cup.\n\nNone",
    "day": "2024-05-11",
    "heats": [
        {
            "class": "fours",
            "gender": "girls",
            "results": [
                {
                    "margin_from_winner": 0,
                    "raw_time": "5:45.3",
                    "school": "Taft"
                },
                {
                    "margin_from_winner": 6.1,
                    "raw_time": "5:51.4",
                    "school": "Miss Porter's"
                },
                {
                    "margin_from_winner": 7.8,
                    "raw_time": "5:53.1",
                    "school": "Winsor"
                },
                {
                    "margin_from_winner": 12.0,
                    "raw_time": "5:57.3",
                    "school": "Frederick Gunn"
                },
                {
                    "margin_from_winner": 16.7,
                    "raw_time": "6:02.0",
                    "school": "St. Mark's"
                },
                {
                    "margin_from_winner": 41.7,
                    "raw_time": "6:27.0",
                    "school": "Pomfret"
                }
            ],
            "varsity_index": "1"
        },
        {
            "class": "fours",
            "gender": "girls",
            "results": [
                {
                    "margin_from_winner": 0,
                    "raw_time": "6:05.5",
                    "school": "Winsor"
                },
                {
                    "margin_from_winner": 2.2,
                    "raw_time": "6:07.7",
                    "school": "Taft"
                },
                {
                    "margin_from_winner": 10.9,
                    "raw_time": "6:16.4",
                    "school": "St. Mark's"
                },
                {
                    "margin_from_winner": 22.0,
                    "raw_time": "6:27.5",
                    "school": "Miss Porter's"
                },
                {
                    "margin_from_winner": 35.8,
                    "raw_time": "6:41.3",
                    "school": "Pomfret"
                }
            ],
            "varsity_index": "2"
        },
        {
            "class": "fours",
            "gender": "girls",
            "results": [
                {
                    "margin_from_winner": 0,
                    "raw_time": "6:05.3",
                    "school": "Winsor"
                },
                {
                    "margin_from_winner": 4.7,
                    "raw_time": "6:10.0",
                    "school": "St. Mark's"
                },
                {
                    "margin_from_winner": 10.0,
                    "raw_time": "6:15.3",
                    "school": "BB&N"
                },
                {
                    "margin_from_winner": 25.4,
                    "raw_time": "6:30.7",
                    "school": "Taft"
                },
                {
                    "margin_from_winner": 51.5,
                    "raw_time": "6:56.8",
                    "school": "Miss Porter's"
                },
                {
                    "margin_from_winner": 54.5,
                    "raw_time": "6:59.8",
                    "school": "Pomfret"
                }
            ],
            "varsity_index": "3"
        },
        {
            "class": "fours",
            "gender": "girls",
            "results": [
                {
                    "margin_from_winner": 0,
                    "raw_time": "6:22.3",
                    "school": "BB&N"
                },
                {
                    "margin_from_winner": 1.1,
                    "raw_time": "6:23.4",
                    "school": "Winsor"
                },
                {
                    "margin_from_winner": 19.5,
                    "raw_time": "6:41.8",
                    "school": "St. Mark's"
                },
                {
                    "margin_from_winner": 24.0,
                    "raw_time": "6:46.3",
                    "school": "Taft"
                },
                {
                    "margin_from_winner": 40.5,
                    "raw_time": "7:02.8",
                    "school": "Pomfret"
                }
            ],
            "varsity_index": "4"
        },
        {
            "class": "fours",
            "gender": "girls",
            "results": [
                {
                    "margin_from_winner": 0,
                    "raw_time": "6:46.5",
                    "school": "Winsor"
                },
                {
                    "margin_from_winner": 2.3,
                    "raw_time": "6:48.8",
                    "school": "BB&N"
                },
                {
                    "margin_from_winner": 10.3,
                    "raw_time": "6:56.8",
                    "school": "St. Mark's"
                }
            ],
            "varsity_index": "5"
        },
        {
            "class": "fours",
            "gender": "girls",
            "results": [
                {
                    "margin_from_winner": 0,
                    "raw_time": "6:38.5",
                    "school": "BB&N"
                },
                {
                    "margin_from_winner": 4.0,
                    "raw_time": "6:42.5",
                    "school": "Winsor"
                },
                {
                    "margin_from_winner": 28.0,
                    "raw_time": "7:06.5",
                    "school": "Miss Porter's"
                },
                {
                    "margin_from_winner": 43.7,
                    "raw_time": "7:22.2",
                    "school": "Frederick Gunn"
                }
            ],
            "varsity_index": "6"
        }
    ],
    "regatta_display_name": "NEIRA Girls Fours, du Pont Cup: Pomfret vs. BB&N, Gunn, Miss Porter's, St. Mark's, Taft, Winsor",
    "url": "https://www.row2k.com/results/resultspage.cfm?UID=377BB86A75BE9B00AD40E99984E7D587&cat=1"
}