{
    "comment": "\nDistance: 1500m Conditions: Direct gusty headwind that generally diminished from 12-15 mph in the early races to 6-8 mph over the course of the afternoon, but varied such that comparisons between races would not be meaningful. Race order G5-B1-G4-B4-G3-B3-G2-B2-G1 Comments: Fantastic afternoon of racing with two races relying on the finish line camera. Groton G1 victory by a matter of inches, and the B3 race declared a dead heat for second place with less than an inch of separation. Thank you to all the coaches and teams for making the trip to Brooks and for your cooperation and spirited competition.\nChoate did not race a B3 and NCDS did not race a G4 today.\n\nNone",
    "day": "2024-05-11",
    "heats": [
        {
            "class": "fours",
            "gender": "boys",
            "results": [
                {
                    "margin_from_winner": 0,
                    "raw_time": "5:29.0",
                    "school": "Belmont Hill"
                },
                {
                    "margin_from_winner": 10.7,
                    "raw_time": "5:39.7",
                    "school": "Brooks"
                },
                {
                    "margin_from_winner": 14.4,
                    "raw_time": "5:43.4",
                    "school": "Groton"
                },
                {
                    "margin_from_winner": 31.7,
                    "raw_time": "6:00.7",
                    "school": "Choate"
                }
            ],
            "varsity_index": "1"
        },
        {
            "class": "fours",
            "gender": "boys",
            "results": [
                {
                    "margin_from_winner": 0,
                    "raw_time": "5:29.5",
                    "school": "Belmont Hill"
                },
                {
                    "margin_from_winner": 11.7,
                    "raw_time": "5:41.2",
                    "school": "Groton"
                },
                {
                    "margin_from_winner": 14.8,
                    "raw_time": "5:44.3",
                    "school": "Brooks"
                },
                {
                    "margin_from_winner": 49.9,
                    "raw_time": "6:19.4",
                    "school": "Choate"
                }
            ],
            "varsity_index": "2"
        },
        {
            "class": "fours",
            "gender": "boys",
            "results": [
                {
                    "margin_from_winner": 0,
                    "raw_time": "5:28.9",
                    "school": "Belmont Hill"
                },
                {
                    "margin_from_winner": 24.05,
                    "raw_time": "5:52.95",
                    "school": "Brooks"
                },
                {
                    "margin_from_winner": 24.05,
                    "raw_time": "5:52.95",
                    "school": "Groton"
                }
            ],
            "varsity_index": "3"
        },
        {
            "class": "fours",
            "gender": "boys",
            "results": [
                {
                    "margin_from_winner": 0,
                    "raw_time": "5:37.7",
                    "school": "Belmont Hill"
                },
                {
                    "margin_from_winner": 26.2,
                    "raw_time": "6:03.9",
                    "school": "Brooks"
                },
                {
                    "margin_from_winner": 36.1,
                    "raw_time": "6:13.8",
                    "school": "Groton"
                },
                {
                    "margin_from_winner": 96.5,
                    "raw_time": "7:14.2",
                    "school": "Choate"
                }
            ],
            "varsity_index": "4"
        },
        {
            "class": "fours",
            "gender": "girls",
            "results": [
                {
                    "margin_from_winner": 0,
                    "raw_time": "6:10.3",
                    "school": "Groton"
                },
                {
                    "margin_from_winner": 0.3,
                    "raw_time": "6:10.6",
                    "school": "Brooks"
                },
                {
                    "margin_from_winner": 10.7,
                    "raw_time": "6:21",
                    "school": "Choate"
                },
                {
                    "margin_from_winner": 35.7,
                    "raw_time": "6:46",
                    "school": "Newton Country Day"
                }
            ],
            "varsity_index": "1"
        },
        {
            "class": "fours",
            "gender": "girls",
            "results": [
                {
                    "margin_from_winner": 0,
                    "raw_time": "6:06",
                    "school": "Groton"
                },
                {
                    "margin_from_winner": 6.0,
                    "raw_time": "6:12",
                    "school": "Brooks"
                },
                {
                    "margin_from_winner": 15.0,
                    "raw_time": "6:21",
                    "school": "Choate"
                },
                {
                    "margin_from_winner": 62.0,
                    "raw_time": "7:08",
                    "school": "Newton Country Day"
                }
            ],
            "varsity_index": "2"
        },
        {
            "class": "fours",
            "gender": "girls",
            "results": [
                {
                    "margin_from_winner": 0,
                    "raw_time": "6:32",
                    "school": "Brooks"
                },
                {
                    "margin_from_winner": 6.0,
                    "raw_time": "6:38",
                    "school": "Choate"
                },
                {
                    "margin_from_winner": 23.0,
                    "raw_time": "6:55",
                    "school": "Groton"
                },
                {
                    "margin_from_winner": 39.0,
                    "raw_time": "7:11",
                    "school": "Newton Country Day"
                }
            ],
            "varsity_index": "3"
        },
        {
            "class": "fours",
            "gender": "girls",
            "results": [
                {
                    "margin_from_winner": 0,
                    "raw_time": "6:45",
                    "school": "Brooks"
                },
                {
                    "margin_from_winner": 10.0,
                    "raw_time": "6:55",
                    "school": "Groton"
                },
                {
                    "margin_from_winner": 16.0,
                    "raw_time": "7:01",
                    "school": "Choate"
                }
            ],
            "varsity_index": "4"
        },
        {
            "class": "fours",
            "gender": "girls",
            "results": [
                {
                    "margin_from_winner": 0,
                    "raw_time": "7:05",
                    "school": "Brooks"
                },
                {
                    "margin_from_winner": 2.0,
                    "raw_time": "7:07",
                    "school": "Choate"
                }
            ],
            "varsity_index": "5"
        }
    ],
    "regatta_display_name": "NEIRA,Brooks vs. Belmont Hill, Choate, Groton and NCDS",
    "url": "https://www.row2k.com/results/resultspage.cfm?UID=37A62C22F94B1C2C6EAD9807BFDFECD3&cat=5"
}