{
    "comment": "\nDistance: 1500 Meters Conditions: Light cross-tailwind coming from lane 1, increasing throughout the day. Comments: Races were floating starts, please do not compare time. In the G3 the Exeter bow seat crabbed and popped her oar. She recovered and then it happened again about 150 meters later. Also, in the G3 the Simsbury bow seat popped an oar in the last 100 meters. The Kent/Exeter Points Trophy was a tie this year, both names will go on the trophy. A special thank you to St. John's and Shrewsbury for hosting the day.\n\nNone",
    "day": "2024-04-20",
    "heats": [
        {
            "class": "eights",
            "gender": "boys",
            "results": [
                {
                    "margin_from_winner": 0,
                    "raw_time": "4:26.8",
                    "school": "Kent"
                },
                {
                    "margin_from_winner": 4.2,
                    "raw_time": "4:31.0",
                    "school": "Exeter"
                },
                {
                    "margin_from_winner": 14.4,
                    "raw_time": "4:41.2",
                    "school": "Hingham"
                },
                {
                    "margin_from_winner": 20.3,
                    "raw_time": "4:47.1",
                    "school": "St. John's"
                },
                {
                    "margin_from_winner": 20.6,
                    "raw_time": "4:47.4",
                    "school": "Simsbury"
                },
                {
                    "margin_from_winner": 23.5,
                    "raw_time": "4:50.3",
                    "school": "Shrewsbury"
                }
            ],
            "varsity_index": "1"
        },
        {
            "class": "eights",
            "gender": "boys",
            "results": [
                {
                    "margin_from_winner": 0,
                    "raw_time": "4:44.0",
                    "school": "Kent"
                },
                {
                    "margin_from_winner": 3.2,
                    "raw_time": "4:47.2",
                    "school": "Exeter"
                },
                {
                    "margin_from_winner": 13.9,
                    "raw_time": "4:57.9",
                    "school": "St. John's"
                },
                {
                    "margin_from_winner": 23.6,
                    "raw_time": "5:07.6",
                    "school": "Hingham"
                },
                {
                    "margin_from_winner": 30.3,
                    "raw_time": "5:14.3",
                    "school": "Shrewsbury"
                },
                {
                    "margin_from_winner": 45.9,
                    "raw_time": "5:29.9",
                    "school": "Simsbury"
                }
            ],
            "varsity_index": "2"
        },
        {
            "class": "eights",
            "gender": "boys",
            "results": [
                {
                    "margin_from_winner": 0,
                    "raw_time": "4:54.0",
                    "school": "Exeter"
                },
                {
                    "margin_from_winner": 8.1,
                    "raw_time": "5:02.1",
                    "school": "Kent"
                },
                {
                    "margin_from_winner": 13.7,
                    "raw_time": "5:07.7",
                    "school": "St. John's"
                },
                {
                    "margin_from_winner": 24.4,
                    "raw_time": "5:18.4",
                    "school": "Hingham"
                }
            ],
            "varsity_index": "3"
        },
        {
            "class": "eights",
            "gender": "boys",
            "results": [
                {
                    "margin_from_winner": 0,
                    "raw_time": "5:21.3",
                    "school": "Exeter"
                },
                {
                    "margin_from_winner": 20.7,
                    "raw_time": "5:42.0",
                    "school": "St. John's"
                },
                {
                    "margin_from_winner": 28.8,
                    "raw_time": "5:50.1",
                    "school": "Hingham"
                },
                {
                    "margin_from_winner": 50.8,
                    "raw_time": "6:12.1",
                    "school": "Simsbury"
                }
            ],
            "varsity_index": "4"
        },
        {
            "class": "eights",
            "gender": "girls",
            "results": [
                {
                    "margin_from_winner": 0,
                    "raw_time": "4:57.9",
                    "school": "Exeter"
                },
                {
                    "margin_from_winner": 6.2,
                    "raw_time": "5:04.1",
                    "school": "Kent"
                },
                {
                    "margin_from_winner": 9.7,
                    "raw_time": "5:07.6",
                    "school": "Boston Latin"
                },
                {
                    "margin_from_winner": 21.5,
                    "raw_time": "5:19.4",
                    "school": "Hingham"
                },
                {
                    "margin_from_winner": 27.4,
                    "raw_time": "5:25.3",
                    "school": "Shrewsbury"
                },
                {
                    "margin_from_winner": 33.6,
                    "raw_time": "5:31.5",
                    "school": "Simsbury"
                }
            ],
            "varsity_index": "1"
        },
        {
            "class": "eights",
            "gender": "girls",
            "results": [
                {
                    "margin_from_winner": 0,
                    "raw_time": "5:03.1",
                    "school": "Exeter"
                },
                {
                    "margin_from_winner": 6.8,
                    "raw_time": "5:09.9",
                    "school": "Boston Latin"
                },
                {
                    "margin_from_winner": 10.9,
                    "raw_time": "5:14.0",
                    "school": "Kent"
                },
                {
                    "margin_from_winner": 22.8,
                    "raw_time": "5:25.9",
                    "school": "Simsbury"
                },
                {
                    "margin_from_winner": 25.1,
                    "raw_time": "5:28.2",
                    "school": "Hingham"
                },
                {
                    "margin_from_winner": 34.5,
                    "raw_time": "5:37.6",
                    "school": "Shrewsbury"
                }
            ],
            "varsity_index": "2"
        },
        {
            "class": "eights",
            "gender": "girls",
            "results": [
                {
                    "margin_from_winner": 0,
                    "raw_time": "5:34.0",
                    "school": "Kent"
                },
                {
                    "margin_from_winner": 5.5,
                    "raw_time": "5:39.5",
                    "school": "Boston Latin"
                },
                {
                    "margin_from_winner": 26.5,
                    "raw_time": "6:00.5",
                    "school": "Hingham"
                },
                {
                    "margin_from_winner": 36.6,
                    "raw_time": "6:10.6",
                    "school": "Exeter"
                },
                {
                    "margin_from_winner": 39.7,
                    "raw_time": "6:13.7",
                    "school": "Simsbury"
                }
            ],
            "varsity_index": "3"
        }
    ],
    "regatta_display_name": "NEIRA Boys & Girls Eights,Exeter Invitational",
    "url": "https://www.row2k.com/results/resultspage.cfm?UID=3C7FA9842592DF4262271085CADE97E5&cat=5"
}