{
    "comment": "\nDistance: 1250m Conditions: All races: heavy cross head wind at slack tide Comments: Great racing by all crews!\n\nNone",
    "day": "2024-04-10",
    "heats": [
        {
            "class": "fours",
            "gender": "boys",
            "results": [
                {
                    "margin_from_winner": 0,
                    "raw_time": "4:58.4",
                    "school": "Hopkins"
                },
                {
                    "margin_from_winner": 6.7,
                    "raw_time": "5:05.1",
                    "school": "King School"
                }
            ],
            "varsity_index": "1"
        },
        {
            "class": "fours",
            "gender": "boys",
            "results": [
                {
                    "margin_from_winner": 0,
                    "raw_time": "5:34.5",
                    "school": "King School"
                },
                {
                    "margin_from_winner": 5.1,
                    "raw_time": "5:39.6",
                    "school": "Hopkins"
                }
            ],
            "varsity_index": "2"
        },
        {
            "class": "fours",
            "gender": "boys",
            "results": [
                {
                    "margin_from_winner": 0,
                    "raw_time": "5:47.4",
                    "school": "Hopkins"
                },
                {
                    "margin_from_winner": 7.3,
                    "raw_time": "5:54.7",
                    "school": "King School"
                }
            ],
            "varsity_index": "3"
        }
    ],
    "regatta_display_name": "NEIRA Boys Fours,King School vs Hopkins",
    "url": "https://www.row2k.com/results/resultspage.cfm?UID=3D50124C185A4165878004B90B4662FD&cat=1"
}