{
    "comment": "\nDistance: 1250m Conditions: head current increased\n\nNone",
    "day": "2024-04-11",
    "heats": [
        {
            "class": "fours",
            "gender": "girls",
            "results": [
                {
                    "margin_from_winner": 0,
                    "raw_time": "5:42.9",
                    "school": "Hopkins"
                },
                {
                    "margin_from_winner": 54.6,
                    "raw_time": "6:37.5",
                    "school": "Greenwich Country Day"
                }
            ],
            "varsity_index": "1"
        },
        {
            "class": "fours",
            "gender": "girls",
            "results": [
                {
                    "margin_from_winner": 0,
                    "raw_time": "6:22.3",
                    "school": "Hopkins"
                },
                {
                    "margin_from_winner": 20.2,
                    "raw_time": "6:42.5",
                    "school": "Greenwich Country Day"
                }
            ],
            "varsity_index": "2"
        }
    ],
    "regatta_display_name": "NEIRA,GCDS vs Hopkins",
    "url": "https://www.row2k.com/results/resultspage.cfm?UID=3F962587F5195CAC9807287404512E2B&cat=5"
}