{
    "comment": "\nDistance: 1250 Conditions: increasing cross tail with consistent tail current. Events alternated boys and girls, ordered from 3Vs to 1Vs Comments: *At about the half way mark, Brookline Girls 2V caught an overhead crab while ahead of Duxbury by about 1/4 length.\nThanks to Duxbury for a great season opener.\n\nNone",
    "day": "2024-04-06",
    "heats": [
        {
            "class": "eights",
            "gender": "boys",
            "results": [
                {
                    "margin_from_winner": 0,
                    "raw_time": "3:40.54",
                    "school": "Brookline"
                },
                {
                    "margin_from_winner": 0.55,
                    "raw_time": "3:41.09",
                    "school": "Duxbury"
                }
            ],
            "varsity_index": "1"
        },
        {
            "class": "eights",
            "gender": "boys",
            "results": [
                {
                    "margin_from_winner": 0,
                    "raw_time": "3:52.68",
                    "school": "Brookline"
                },
                {
                    "margin_from_winner": 6.78,
                    "raw_time": "3:59.46",
                    "school": "Duxbury"
                }
            ],
            "varsity_index": "2"
        },
        {
            "class": "eights",
            "gender": "boys",
            "results": [
                {
                    "margin_from_winner": 0,
                    "raw_time": "3:59.77",
                    "school": "Brookline"
                },
                {
                    "margin_from_winner": 21.52,
                    "raw_time": "4:21.29",
                    "school": "Duxbury"
                }
            ],
            "varsity_index": "3"
        },
        {
            "class": "eights",
            "gender": "girls",
            "results": [
                {
                    "margin_from_winner": 0,
                    "raw_time": "4:07.45",
                    "school": "Duxbury"
                },
                {
                    "margin_from_winner": 1.47,
                    "raw_time": "4:08.92",
                    "school": "Brookline"
                }
            ],
            "varsity_index": "1"
        },
        {
            "class": "eights",
            "gender": "girls",
            "results": [
                {
                    "margin_from_winner": 0,
                    "raw_time": "4:22.52",
                    "school": "Duxbury"
                },
                {
                    "margin_from_winner": null,
                    "raw_time": "4:48.61*",
                    "school": "Brookline"
                }
            ],
            "varsity_index": "2"
        },
        {
            "class": "eights",
            "gender": "girls",
            "results": [
                {
                    "margin_from_winner": 0,
                    "raw_time": "4:23.07",
                    "school": "Duxbury"
                },
                {
                    "margin_from_winner": 16.12,
                    "raw_time": "4:39.19",
                    "school": "Brookline"
                }
            ],
            "varsity_index": "3"
        }
    ],
    "regatta_display_name": "NEIRA Boys & Girls Eights,Duxbury vs. Brookline",
    "url": "https://www.row2k.com/results/resultspage.cfm?UID=429158C8054202FE58813F17E3F2C8B1&cat=5"
}