{
    "comment": "\nDistance: 1500 Meters Conditions: Slight Cross Tailwind and changed to slight headwind in the 1V race. Comments: All races were floating starts, please do not compare times. Thank you to Deerfield for coming, It was a great day of racing!!!\n\nNone",
    "day": "2024-05-11",
    "heats": [
        {
            "class": "eights",
            "gender": "boys",
            "results": [
                {
                    "margin_from_winner": 0,
                    "raw_time": "4:40.9",
                    "school": "Deerfield"
                },
                {
                    "margin_from_winner": 19.19,
                    "raw_time": "5:00.09",
                    "school": "St. John's"
                }
            ],
            "varsity_index": "1"
        },
        {
            "class": "eights",
            "gender": "boys",
            "results": [
                {
                    "margin_from_winner": 0,
                    "raw_time": "4:43.8",
                    "school": "Deerfield"
                },
                {
                    "margin_from_winner": 8.35,
                    "raw_time": "4:52.15",
                    "school": "St. John's"
                }
            ],
            "varsity_index": "2"
        },
        {
            "class": "eights",
            "gender": "boys",
            "results": [
                {
                    "margin_from_winner": 0,
                    "raw_time": "4:51.6",
                    "school": "Deerfield"
                },
                {
                    "margin_from_winner": 1.29,
                    "raw_time": "4:52.89",
                    "school": "St. John's"
                }
            ],
            "varsity_index": "3"
        },
        {
            "class": "eights",
            "gender": "boys",
            "results": [
                {
                    "margin_from_winner": 0,
                    "raw_time": "5:10.07",
                    "school": "Deerfield"
                },
                {
                    "margin_from_winner": 12.03,
                    "raw_time": "5:22.1",
                    "school": "St. John's"
                }
            ],
            "varsity_index": "4"
        },
        {
            "class": "eights",
            "gender": "boys",
            "results": [
                {
                    "margin_from_winner": 0,
                    "raw_time": "5:15.3",
                    "school": "Deerfield"
                },
                {
                    "margin_from_winner": 20.37,
                    "raw_time": "5:35.67",
                    "school": "St. John's"
                }
            ],
            "varsity_index": "5"
        }
    ],
    "regatta_display_name": "NEIRA, Deerfield vs St. John's",
    "url": "https://www.row2k.com/results/resultspage.cfm?UID=43363C60485734537FB8323D7917AE67&cat=1"
}