{
    "comment": "\nDistance: 1250 Conditions: Quartering Headwind on the port side between 6 - 12 mph throughout the race. All races started with stern holders. Comments: Great racing by all crews! Thank you Bedford and Glastonbury for attending our 1st Annual George Sherwood Regatta!\n\nNone",
    "day": "2024-05-05",
    "heats": [
        {
            "class": "eights",
            "gender": "boys",
            "results": [
                {
                    "margin_from_winner": 0,
                    "raw_time": "3:53.2",
                    "school": "Bedford"
                },
                {
                    "margin_from_winner": 2.6,
                    "raw_time": "3:55.8",
                    "school": "Glastonbury"
                },
                {
                    "margin_from_winner": 7.0,
                    "raw_time": "4:00.2",
                    "school": "East Lyme"
                }
            ],
            "varsity_index": "1"
        },
        {
            "class": "eights",
            "gender": "boys",
            "results": [
                {
                    "margin_from_winner": 0,
                    "raw_time": "4:15.13",
                    "school": "Glastonbury"
                },
                {
                    "margin_from_winner": 2.47,
                    "raw_time": "4:17.6",
                    "school": "Bedford"
                },
                {
                    "margin_from_winner": 21.87,
                    "raw_time": "4:37.0",
                    "school": "East Lyme"
                }
            ],
            "varsity_index": "2"
        },
        {
            "class": "eights",
            "gender": "boys",
            "results": [
                {
                    "margin_from_winner": 0,
                    "raw_time": "4:31.67",
                    "school": "Bedford"
                },
                {
                    "margin_from_winner": 2.7,
                    "raw_time": "4:34.37",
                    "school": "Glastonbury"
                }
            ],
            "varsity_index": "3"
        },
        {
            "class": "eights",
            "gender": "boys",
            "results": [
                {
                    "margin_from_winner": 0,
                    "raw_time": "4:30.28",
                    "school": "Glastonbury"
                },
                {
                    "margin_from_winner": 13.22,
                    "raw_time": "4:43.5",
                    "school": "East Lyme"
                },
                {
                    "margin_from_winner": 58.72,
                    "raw_time": "5:29",
                    "school": "Bedford"
                }
            ],
            "varsity_index": "4"
        },
        {
            "class": "eights",
            "gender": "girls",
            "results": [
                {
                    "margin_from_winner": 0,
                    "raw_time": "4:20.08",
                    "school": "Glastonbury"
                },
                {
                    "margin_from_winner": 5.12,
                    "raw_time": "4:25.2",
                    "school": "Bedford"
                },
                {
                    "margin_from_winner": 22.92,
                    "raw_time": "4:43.0",
                    "school": "East Lyme"
                }
            ],
            "varsity_index": "1"
        },
        {
            "class": "eights",
            "gender": "girls",
            "results": [
                {
                    "margin_from_winner": 0,
                    "raw_time": "4:35.8",
                    "school": "Bedford"
                },
                {
                    "margin_from_winner": 5.49,
                    "raw_time": "4:41.29",
                    "school": "Glastonbury"
                },
                {
                    "margin_from_winner": 21.1,
                    "raw_time": "4:56.9",
                    "school": "East Lyme"
                }
            ],
            "varsity_index": "2"
        },
        {
            "class": "eights",
            "gender": "girls",
            "results": [
                {
                    "margin_from_winner": 0,
                    "raw_time": "4:48.97",
                    "school": "Bedford"
                },
                {
                    "margin_from_winner": 23.68,
                    "raw_time": "5:12.65",
                    "school": "Glastonbury"
                }
            ],
            "varsity_index": "3"
        },
        {
            "class": "eights",
            "gender": "girls",
            "results": [
                {
                    "margin_from_winner": 0,
                    "raw_time": "5:13.0",
                    "school": "Glastonbury"
                },
                {
                    "margin_from_winner": 20.0,
                    "raw_time": "5:33.0",
                    "school": "East Lyme"
                },
                {
                    "margin_from_winner": 21.8,
                    "raw_time": "5:34.8",
                    "school": "Bedford"
                }
            ],
            "varsity_index": "4"
        }
    ],
    "regatta_display_name": "NEIRA,Bedford, East Lyme, Glastonbury",
    "url": "https://www.row2k.com/results/resultspage.cfm?UID=52B6EAAD7825CCDC8215D8B539CFC674&cat=5"
}