{
    "comment": "\nDistance: 1400m upstream Conditions: Variable gusty headwind worst for the varsity races Comments: In the B4 race Hanover had an over the head crab and then lost their fin at 750m and were unable to continue the race.\n\nNone",
    "day": "2024-05-04",
    "heats": [
        {
            "class": "eights",
            "gender": "boys",
            "results": [
                {
                    "margin_from_winner": 0,
                    "raw_time": "4:47.2",
                    "school": "Deerfield"
                },
                {
                    "margin_from_winner": 3.4,
                    "raw_time": "4:50.6",
                    "school": "Exeter"
                },
                {
                    "margin_from_winner": 20.7,
                    "raw_time": "5:07.9",
                    "school": "Hanover"
                }
            ],
            "varsity_index": "1"
        },
        {
            "class": "eights",
            "gender": "boys",
            "results": [
                {
                    "margin_from_winner": 0,
                    "raw_time": "4:47.1",
                    "school": "Deerfield"
                },
                {
                    "margin_from_winner": 13.3,
                    "raw_time": "5:00.4",
                    "school": "Exeter"
                },
                {
                    "margin_from_winner": 42.9,
                    "raw_time": "5:30.0",
                    "school": "Hanover"
                }
            ],
            "varsity_index": "2"
        },
        {
            "class": "eights",
            "gender": "boys",
            "results": [
                {
                    "margin_from_winner": 0,
                    "raw_time": "4:54.8",
                    "school": "Deerfield"
                },
                {
                    "margin_from_winner": 6.8,
                    "raw_time": "5:01.6",
                    "school": "Exeter"
                },
                {
                    "margin_from_winner": 41.3,
                    "raw_time": "5:36.1",
                    "school": "Hanover"
                }
            ],
            "varsity_index": "3"
        },
        {
            "class": "eights",
            "gender": "boys",
            "results": [
                {
                    "margin_from_winner": 0,
                    "raw_time": "5:25.8",
                    "school": "Deerfield"
                },
                {
                    "margin_from_winner": 23.6,
                    "raw_time": "5:49.4",
                    "school": "Exeter"
                },
                {
                    "margin_from_winner": null,
                    "raw_time": "NTT",
                    "school": "Hanover"
                }
            ],
            "varsity_index": "4"
        },
        {
            "class": "eights",
            "gender": "boys",
            "results": [
                {
                    "margin_from_winner": 0,
                    "raw_time": "5:34.1",
                    "school": "Deerfield"
                },
                {
                    "margin_from_winner": 10.5,
                    "raw_time": "5:44.6",
                    "school": "Exeter"
                },
                {
                    "margin_from_winner": 60.9,
                    "raw_time": "6:35.0",
                    "school": "Hanover"
                }
            ],
            "varsity_index": "5"
        },
        {
            "class": "eights",
            "gender": "boys",
            "results": [
                {
                    "margin_from_winner": 0,
                    "raw_time": "6:07",
                    "school": "Exeter"
                },
                {
                    "margin_from_winner": 42.0,
                    "raw_time": "6:49",
                    "school": "Hanover"
                }
            ],
            "varsity_index": "6"
        },
        {
            "class": "eights",
            "gender": "girls",
            "results": [
                {
                    "margin_from_winner": 0,
                    "raw_time": "5:22.0",
                    "school": "Exeter"
                },
                {
                    "margin_from_winner": 0.7,
                    "raw_time": "5:22.7",
                    "school": "Deerfield"
                },
                {
                    "margin_from_winner": 19.4,
                    "raw_time": "5:41.4",
                    "school": "Hanover"
                }
            ],
            "varsity_index": "1"
        },
        {
            "class": "eights",
            "gender": "girls",
            "results": [
                {
                    "margin_from_winner": 0,
                    "raw_time": "5:37.9",
                    "school": "Deerfield"
                },
                {
                    "margin_from_winner": 8.3,
                    "raw_time": "5:46.2",
                    "school": "Exeter"
                },
                {
                    "margin_from_winner": 27.7,
                    "raw_time": "6:05.6",
                    "school": "Hanover"
                }
            ],
            "varsity_index": "2"
        },
        {
            "class": "eights",
            "gender": "girls",
            "results": [
                {
                    "margin_from_winner": 0,
                    "raw_time": "5:54.2",
                    "school": "Deerfield"
                },
                {
                    "margin_from_winner": 13.2,
                    "raw_time": "6:07.4",
                    "school": "Exeter"
                },
                {
                    "margin_from_winner": 23.0,
                    "raw_time": "6:17.2",
                    "school": "Hanover"
                }
            ],
            "varsity_index": "3"
        },
        {
            "class": "eights",
            "gender": "girls",
            "results": [
                {
                    "margin_from_winner": 0,
                    "raw_time": "6:13.6",
                    "school": "Hanover"
                },
                {
                    "margin_from_winner": 2.8,
                    "raw_time": "6:16.4",
                    "school": "Deerfield"
                },
                {
                    "margin_from_winner": 30.8,
                    "raw_time": "6:44.4",
                    "school": "Exeter"
                }
            ],
            "varsity_index": "4"
        },
        {
            "class": "eights",
            "gender": "girls",
            "results": [
                {
                    "margin_from_winner": 0,
                    "raw_time": "6:37",
                    "school": "Hanover"
                },
                {
                    "margin_from_winner": 6.0,
                    "raw_time": "6:43",
                    "school": "Deerfield"
                },
                {
                    "margin_from_winner": 38.0,
                    "raw_time": "7:15",
                    "school": "Exeter"
                }
            ],
            "varsity_index": "5"
        },
        {
            "class": "eights",
            "gender": "girls",
            "results": [
                {
                    "margin_from_winner": 0,
                    "raw_time": "7:13",
                    "school": "Hanover"
                },
                {
                    "margin_from_winner": 14.0,
                    "raw_time": "7:27",
                    "school": "Exeter"
                }
            ],
            "varsity_index": "6"
        }
    ],
    "regatta_display_name": "NEIRA Boys & Girls Eights,Exeter, Deerfield, and Hanover HS",
    "url": "https://www.row2k.com/results/resultspage.cfm?UID=5642DF6E89C66EA51756ECDA7F7C907D&cat=5"
}