{
    "comment": "\nDistance: 1500m Conditions: Stiff head wind throughout all races, particularly the first 700m. Comments: Thank you, Derryfield, for making the trip down from NH!\n\nNone",
    "day": "2024-04-17",
    "heats": [
        {
            "class": "fours",
            "gender": "boys",
            "results": [
                {
                    "margin_from_winner": 0,
                    "raw_time": "6:30.54",
                    "school": "Derryfield"
                },
                {
                    "margin_from_winner": 81.24,
                    "raw_time": "7:51.78",
                    "school": "Marianapolis Prep"
                }
            ],
            "varsity_index": "1"
        },
        {
            "class": "fours",
            "gender": "boys",
            "results": [
                {
                    "margin_from_winner": 0,
                    "raw_time": "6:46.42",
                    "school": "Derryfield"
                },
                {
                    "margin_from_winner": 103.22,
                    "raw_time": "8:29.64",
                    "school": "Marianapolis Prep"
                }
            ],
            "varsity_index": "2"
        },
        {
            "class": "fours",
            "gender": "girls",
            "results": [
                {
                    "margin_from_winner": 0,
                    "raw_time": "6:38.17",
                    "school": "Marianapolis Prep"
                },
                {
                    "margin_from_winner": 7.27,
                    "raw_time": "6:45.44",
                    "school": "Derryfield"
                }
            ],
            "varsity_index": "1"
        },
        {
            "class": "fours",
            "gender": "girls",
            "results": [
                {
                    "margin_from_winner": 0,
                    "raw_time": "7:18.4",
                    "school": "Derryfield"
                },
                {
                    "margin_from_winner": 45.2,
                    "raw_time": "8:03.60",
                    "school": "Marianapolis Prep"
                }
            ],
            "varsity_index": "2"
        }
    ],
    "regatta_display_name": "NEIRA Boys & Girls Fours,Marianapolis vs. Derryfield",
    "url": "https://www.row2k.com/results/resultspage.cfm?UID=572A866681F1A29F4BC821412ED10F61&cat=5"
}