{
    "comment": "\nDistance: 1500m Conditions: Moderate (6-8 mph) crosswind/ cross headwind. Generally consistent throughout. B5 started 1-2 lengths over the line. Comments: Thanks everyone for a good afternoon of racing.\n\nNone",
    "day": "2024-05-18",
    "heats": [
        {
            "class": "fours",
            "gender": "boys",
            "results": [
                {
                    "margin_from_winner": 0,
                    "raw_time": "5:15.5",
                    "school": "Brooks"
                },
                {
                    "margin_from_winner": 5.6,
                    "raw_time": "5:21.1",
                    "school": "BB&N"
                },
                {
                    "margin_from_winner": 27.0,
                    "raw_time": "5:42.5",
                    "school": "Brewster Academy"
                },
                {
                    "margin_from_winner": 45.3,
                    "raw_time": "6:00.8",
                    "school": "Thayer"
                }
            ],
            "varsity_index": "1"
        },
        {
            "class": "fours",
            "gender": "boys",
            "results": [
                {
                    "margin_from_winner": 0,
                    "raw_time": "5:29.3",
                    "school": "Brooks"
                },
                {
                    "margin_from_winner": 0.9,
                    "raw_time": "5:30.2",
                    "school": "BB&N"
                },
                {
                    "margin_from_winner": 26.2,
                    "raw_time": "5:55.5",
                    "school": "Brewster Academy"
                },
                {
                    "margin_from_winner": 29.7,
                    "raw_time": "5:59.0",
                    "school": "Pingree"
                }
            ],
            "varsity_index": "2"
        },
        {
            "class": "fours",
            "gender": "boys",
            "results": [
                {
                    "margin_from_winner": 0,
                    "raw_time": "5:32.8",
                    "school": "Brooks"
                },
                {
                    "margin_from_winner": 1.4,
                    "raw_time": "5:34.2",
                    "school": "BB&N"
                }
            ],
            "varsity_index": "3"
        },
        {
            "class": "fours",
            "gender": "boys",
            "results": [
                {
                    "margin_from_winner": 0,
                    "raw_time": "5:45.2",
                    "school": "BB&N"
                },
                {
                    "margin_from_winner": 1.5,
                    "raw_time": "5:46.7",
                    "school": "Brooks"
                }
            ],
            "varsity_index": "4"
        },
        {
            "class": "fours",
            "gender": "boys",
            "results": [
                {
                    "margin_from_winner": 0,
                    "raw_time": "6:03.3",
                    "school": "Brooks"
                },
                {
                    "margin_from_winner": 19.2,
                    "raw_time": "6:22.5",
                    "school": "Brewster Academy"
                },
                {
                    "margin_from_winner": 28.0,
                    "raw_time": "6:31.3",
                    "school": "Pingree"
                },
                {
                    "margin_from_winner": 45.9,
                    "raw_time": "6:49.2",
                    "school": "Thayer"
                }
            ],
            "varsity_index": "5"
        },
        {
            "class": "fours",
            "gender": "girls",
            "results": [
                {
                    "margin_from_winner": 0,
                    "raw_time": "5:49.1",
                    "school": "Brooks"
                },
                {
                    "margin_from_winner": 14.6,
                    "raw_time": "6:03.7",
                    "school": "Brewster Academy"
                },
                {
                    "margin_from_winner": 16.9,
                    "raw_time": "6:06.0",
                    "school": "BB&N"
                }
            ],
            "varsity_index": "1"
        },
        {
            "class": "fours",
            "gender": "girls",
            "results": [
                {
                    "margin_from_winner": 0,
                    "raw_time": "6:08.3",
                    "school": "Brooks"
                },
                {
                    "margin_from_winner": 3.1,
                    "raw_time": "6:11.4",
                    "school": "BB&N"
                },
                {
                    "margin_from_winner": 28.5,
                    "raw_time": "6:36.8",
                    "school": "Brewster Academy"
                }
            ],
            "varsity_index": "2"
        },
        {
            "class": "fours",
            "gender": "girls",
            "results": [
                {
                    "margin_from_winner": 0,
                    "raw_time": "6:07.7",
                    "school": "BB&N"
                },
                {
                    "margin_from_winner": 0.4,
                    "raw_time": "6:08.1",
                    "school": "Brooks"
                },
                {
                    "margin_from_winner": 67.3,
                    "raw_time": "7:15.0",
                    "school": "Pingree"
                },
                {
                    "margin_from_winner": 118.3,
                    "raw_time": "8:06.0",
                    "school": "Thayer"
                }
            ],
            "varsity_index": "3"
        },
        {
            "class": "fours",
            "gender": "girls",
            "results": [
                {
                    "margin_from_winner": 0,
                    "raw_time": "6:20.0",
                    "school": "Brooks"
                },
                {
                    "margin_from_winner": 3.3,
                    "raw_time": "6:23.3",
                    "school": "BB&N"
                }
            ],
            "varsity_index": "4"
        },
        {
            "class": "fours",
            "gender": "girls",
            "results": [
                {
                    "margin_from_winner": 0,
                    "raw_time": "6:43.1",
                    "school": "Brooks"
                },
                {
                    "margin_from_winner": 18.4,
                    "raw_time": "7:01.5",
                    "school": "BB&N"
                },
                {
                    "margin_from_winner": 75.9,
                    "raw_time": "7:59.0",
                    "school": "Thayer"
                }
            ],
            "varsity_index": "5"
        }
    ],
    "regatta_display_name": "NEIRA Boys & Girls Fours,Brooks vs. BB&N, Brewster, Pingree and Thayer",
    "url": "https://www.row2k.com/results/resultspage.cfm?UID=58DEA62073910A6FCE2EB675464E90EB&cat=5"
}