{
    "comment": "\nDistance: 1350 Conditions: Cross headwind for first 2/3 of race, mellowing out in the last 1/3. Comments: Thanks to BU Academy for joining, and thanks to Thayer for making the trip. Excellent effort from all crews.\n\nNone",
    "day": "2024-04-17",
    "heats": [
        {
            "class": "fours",
            "gender": "boys",
            "results": [
                {
                    "margin_from_winner": 0,
                    "raw_time": "4:32.09",
                    "school": "Cambridge RLS"
                },
                {
                    "margin_from_winner": 40.85,
                    "raw_time": "5:12.94",
                    "school": "Thayer"
                },
                {
                    "margin_from_winner": 57.91,
                    "raw_time": "5:30.00",
                    "school": "BU Academy"
                }
            ],
            "varsity_index": "1"
        }
    ],
    "regatta_display_name": "NEIRA Boys Fours,CRLS vs Thayer Academy, BU Academy",
    "url": "https://www.row2k.com/results/resultspage.cfm?UID=5AC13C0A039EE6AFC8E97E47C247F44E&cat=1"
}