{
    "comment": "\nDistance: 1300m Conditions: 12mph cross/headwind, flat water Comments: Floating start. In the third boat race, all boats started below the line. Thank you to Fairfield for making the trip to Boston!\n\nNone",
    "day": "2024-05-11",
    "heats": [
        {
            "class": "eights",
            "gender": "boys",
            "results": [
                {
                    "margin_from_winner": 0,
                    "raw_time": "4:01.4",
                    "school": "BC High"
                },
                {
                    "margin_from_winner": 3.7,
                    "raw_time": "4:05.1",
                    "school": "Fairfield Prep"
                }
            ],
            "varsity_index": "1"
        },
        {
            "class": "eights",
            "gender": "boys",
            "results": [
                {
                    "margin_from_winner": 0,
                    "raw_time": "4:06.7",
                    "school": "BC High"
                },
                {
                    "margin_from_winner": 14.8,
                    "raw_time": "4:21.5",
                    "school": "Fairfield Prep"
                }
            ],
            "varsity_index": "2"
        },
        {
            "class": "eights",
            "gender": "boys",
            "results": [
                {
                    "margin_from_winner": 0,
                    "raw_time": "4:11.3",
                    "school": "BC High"
                },
                {
                    "margin_from_winner": 26.9,
                    "raw_time": "4:38.2",
                    "school": "Fairfield Prep"
                }
            ],
            "varsity_index": "3"
        },
        {
            "class": "eights",
            "gender": "boys",
            "results": [
                {
                    "margin_from_winner": 0,
                    "raw_time": "4:46.4",
                    "school": "BC High"
                },
                {
                    "margin_from_winner": 20.7,
                    "raw_time": "5:07.1",
                    "school": "Fairfield Prep"
                }
            ],
            "varsity_index": "4"
        }
    ],
    "regatta_display_name": "NEIRA Boys Eights,Fairfield Prep vs. BC High",
    "url": "https://www.row2k.com/results/resultspage.cfm?UID=5AF206AB8A81B7A44761FA1089130710&cat=1"
}