{
    "comment": "\nDistance: 1500m Conditions: Swirling, gusty winds - 12 to 15MPH, with stronger gusts. Slight tail at the start for first 300 meters, switching to a crossing through 800M mark, then crossing headwind, some strong crossing gusts. Despite the wind, not much chop on the water. Comments: Order of Races, G2, G1, G3 with boys' races in between. Marianapolis raced their 2nd boat in the third boat race. Pomfret raced both their 3rd and 4th boats in that race.\n\nNone",
    "day": "2024-04-24",
    "heats": [
        {
            "class": "fours",
            "gender": "girls",
            "results": [
                {
                    "margin_from_winner": 0,
                    "raw_time": "6:29.3",
                    "school": "Berkshire Academy"
                },
                {
                    "margin_from_winner": 22.9,
                    "raw_time": "6:52.2",
                    "school": "Pomfret"
                },
                {
                    "margin_from_winner": 35.0,
                    "raw_time": "7:04.3",
                    "school": "Marianapolis Prep"
                }
            ],
            "varsity_index": "1"
        },
        {
            "class": "fours",
            "gender": "girls",
            "results": [
                {
                    "margin_from_winner": 0,
                    "raw_time": "6:52.1",
                    "school": "Berkshire Academy"
                },
                {
                    "margin_from_winner": 4.9,
                    "raw_time": "6:57.0",
                    "school": "Pomfret"
                }
            ],
            "varsity_index": "2"
        },
        {
            "class": "fours",
            "gender": "girls",
            "results": [
                {
                    "margin_from_winner": 0,
                    "raw_time": "7:23.6",
                    "school": "Pomfret"
                },
                {
                    "margin_from_winner": 27.8,
                    "raw_time": "7:51.4",
                    "school": "Berkshire Academy"
                }
            ],
            "varsity_index": "3"
        }
    ],
    "regatta_display_name": "NEIRA Girls Fours,Pomfret vs. Marianapolis, Berkshire",
    "url": "https://www.row2k.com/results/resultspage.cfm?UID=5BE52A0B0D2C5D9EFE557E09C6164DD7&cat=1"
}