{
    "comment": "\nDistance: 1500m Conditions: Stiff crosswind in the first 500m, settling into a light tailwind for the last 1k. Mostly consistent wind with some gusts toward the end of day. Comments: Due to hotseating, order of races ran: B3, G2, G4, B2, B1, G1, B4, G3, GN. Choate G1 was a scratch.\n\nNone",
    "day": "2024-05-18",
    "heats": [
        {
            "class": "fours",
            "gender": "boys",
            "results": [
                {
                    "margin_from_winner": 0,
                    "raw_time": "5:08.5",
                    "school": "Berkshire Academy"
                },
                {
                    "margin_from_winner": 0.4,
                    "raw_time": "5:08.9",
                    "school": "Taft"
                },
                {
                    "margin_from_winner": 6.1,
                    "raw_time": "5:14.6",
                    "school": "Middletown"
                },
                {
                    "margin_from_winner": 6.9,
                    "raw_time": "5:15.4",
                    "school": "Choate"
                },
                {
                    "margin_from_winner": 13.5,
                    "raw_time": "5:22.0",
                    "school": "Frederick Gunn"
                }
            ],
            "varsity_index": "1"
        },
        {
            "class": "fours",
            "gender": "boys",
            "results": [
                {
                    "margin_from_winner": 0,
                    "raw_time": "5:31.5",
                    "school": "Taft"
                },
                {
                    "margin_from_winner": 3.2,
                    "raw_time": "5:34.7",
                    "school": "Berkshire Academy"
                },
                {
                    "margin_from_winner": 8.8,
                    "raw_time": "5:40.3",
                    "school": "Choate"
                },
                {
                    "margin_from_winner": 15.1,
                    "raw_time": "5:46.6",
                    "school": "Middletown"
                }
            ],
            "varsity_index": "2"
        },
        {
            "class": "fours",
            "gender": "boys",
            "results": [
                {
                    "margin_from_winner": 0,
                    "raw_time": "5:43",
                    "school": "Berkshire Academy"
                },
                {
                    "margin_from_winner": 7.0,
                    "raw_time": "5:50",
                    "school": "Choate"
                },
                {
                    "margin_from_winner": 32.0,
                    "raw_time": "6:15",
                    "school": "Middletown"
                }
            ],
            "varsity_index": "3"
        },
        {
            "class": "fours",
            "gender": "boys",
            "results": [
                {
                    "margin_from_winner": 0,
                    "raw_time": "5:47",
                    "school": "Taft"
                },
                {
                    "margin_from_winner": 17.3,
                    "raw_time": "6:04.3",
                    "school": "Frederick Gunn"
                },
                {
                    "margin_from_winner": 17.7,
                    "raw_time": "6:04.7",
                    "school": "Berkshire Academy"
                },
                {
                    "margin_from_winner": 21.9,
                    "raw_time": "6:08.9",
                    "school": "Choate"
                }
            ],
            "varsity_index": "4"
        },
        {
            "class": "fours",
            "gender": "girls",
            "results": [
                {
                    "margin_from_winner": 0,
                    "raw_time": "5:37.0",
                    "school": "Taft"
                },
                {
                    "margin_from_winner": 8.4,
                    "raw_time": "5:45.4",
                    "school": "Frederick Gunn"
                },
                {
                    "margin_from_winner": 9.7,
                    "raw_time": "5:46.7",
                    "school": "Miss Porter's"
                },
                {
                    "margin_from_winner": 14.5,
                    "raw_time": "5:51.5",
                    "school": "Greenwich Academy"
                },
                {
                    "margin_from_winner": 22.6,
                    "raw_time": "5:59.6",
                    "school": "Berkshire Academy"
                }
            ],
            "varsity_index": "1"
        },
        {
            "class": "fours",
            "gender": "girls",
            "results": [
                {
                    "margin_from_winner": 0,
                    "raw_time": "5:52.7",
                    "school": "Choate"
                },
                {
                    "margin_from_winner": 2.3,
                    "raw_time": "5:55.0",
                    "school": "Taft"
                },
                {
                    "margin_from_winner": 15.1,
                    "raw_time": "6:07.8",
                    "school": "Greenwich Academy"
                },
                {
                    "margin_from_winner": 18.5,
                    "raw_time": "6:11.2",
                    "school": "Miss Porter's"
                },
                {
                    "margin_from_winner": 31.8,
                    "raw_time": "6:24.5",
                    "school": "Berkshire Academy"
                }
            ],
            "varsity_index": "2"
        },
        {
            "class": "fours",
            "gender": "girls",
            "results": [
                {
                    "margin_from_winner": 0,
                    "raw_time": "6:00.9",
                    "school": "Choate"
                },
                {
                    "margin_from_winner": 7.8,
                    "raw_time": "6:08.7",
                    "school": "Taft"
                },
                {
                    "margin_from_winner": 27.1,
                    "raw_time": "6:28.0",
                    "school": "Miss Porter's"
                },
                {
                    "margin_from_winner": 39.5,
                    "raw_time": "6:40.4",
                    "school": "Berkshire Academy"
                },
                {
                    "margin_from_winner": 49.3,
                    "raw_time": "6:50.2",
                    "school": "Greenwich Academy"
                }
            ],
            "varsity_index": "3"
        },
        {
            "class": "fours",
            "gender": "girls",
            "results": [
                {
                    "margin_from_winner": 0,
                    "raw_time": "6:19",
                    "school": "Choate"
                },
                {
                    "margin_from_winner": 19.0,
                    "raw_time": "6:38",
                    "school": "Taft"
                }
            ],
            "varsity_index": "4"
        },
        {
            "class": "fours",
            "gender": "girls",
            "results": [
                {
                    "margin_from_winner": 0,
                    "raw_time": "6:14",
                    "school": "Choate"
                },
                {
                    "margin_from_winner": 21.0,
                    "raw_time": "6:35",
                    "school": "Miss Porter's"
                },
                {
                    "margin_from_winner": 75.0,
                    "raw_time": "7:29",
                    "school": "Frederick Gunn"
                }
            ],
            "varsity_index": "6"
        }
    ],
    "regatta_display_name": "NEIRA Boys & Girls Fours,Frederick Gunn vs Greenwich Academy, Choate, Miss Porter's, Taft, Berkshire, Middletown",
    "url": "https://www.row2k.com/results/resultspage.cfm?UID=5D035A34420AED23599F466189189D99&cat=5"
}