{
    "comment": "\nDistance: 1400 Conditions: Cross winds, with gust up to 19 mph's. All races were floating starts. Comments: All times reflected are from their respective heats. Thayer didn't have a GV is a true 2V, so they were entered as such.\n\nNone",
    "day": "2024-05-11",
    "heats": [
        {
            "class": "fours",
            "gender": "boys",
            "results": [
                {
                    "margin_from_winner": 0,
                    "raw_time": "4:47.61",
                    "school": "Berwick"
                },
                {
                    "margin_from_winner": 19.29,
                    "raw_time": "5:06.9",
                    "school": "Brewster Academy"
                },
                {
                    "margin_from_winner": 29.49,
                    "raw_time": "5:17.1",
                    "school": "Thayer"
                },
                {
                    "margin_from_winner": 44.49,
                    "raw_time": "5:32.1",
                    "school": "St. Mary's-Lynn"
                },
                {
                    "margin_from_winner": 45.79,
                    "raw_time": "5:33.4",
                    "school": "Medford"
                }
            ],
            "varsity_index": "1"
        },
        {
            "class": "fours",
            "gender": "boys",
            "results": [
                {
                    "margin_from_winner": 0,
                    "raw_time": "5:36.25",
                    "school": "Berwick"
                },
                {
                    "margin_from_winner": 4.32,
                    "raw_time": "5:40.57",
                    "school": "Brewster Academy"
                },
                {
                    "margin_from_winner": 24.35,
                    "raw_time": "6:00.6",
                    "school": "St. Mary's-Lynn"
                },
                {
                    "margin_from_winner": 74.27,
                    "raw_time": "6:50.52",
                    "school": "Medford"
                }
            ],
            "varsity_index": "2"
        },
        {
            "class": "fours",
            "gender": "boys",
            "results": [
                {
                    "margin_from_winner": 0,
                    "raw_time": "5:22.72",
                    "school": "Berwick"
                },
                {
                    "margin_from_winner": 3.79,
                    "raw_time": "5:26.51",
                    "school": "Medford"
                },
                {
                    "margin_from_winner": 30.77,
                    "raw_time": "5:53.49",
                    "school": "Brewster Academy"
                },
                {
                    "margin_from_winner": 84.57,
                    "raw_time": "6:47.29",
                    "school": "St. Mary's-Lynn"
                }
            ],
            "varsity_index": "3"
        },
        {
            "class": "fours",
            "gender": "boys",
            "results": [
                {
                    "margin_from_winner": 0,
                    "raw_time": "5:59.7",
                    "school": "Berwick"
                },
                {
                    "margin_from_winner": 12.9,
                    "raw_time": "6:12.6",
                    "school": "Medford"
                }
            ],
            "varsity_index": "4"
        },
        {
            "class": "fours",
            "gender": "girls",
            "results": [
                {
                    "margin_from_winner": 0,
                    "raw_time": "5:37.48",
                    "school": "Brewster Academy"
                },
                {
                    "margin_from_winner": 22.82,
                    "raw_time": "6:00.3",
                    "school": "St. Mary's-Lynn"
                },
                {
                    "margin_from_winner": 34.82,
                    "raw_time": "6:12.3",
                    "school": "Berwick"
                }
            ],
            "varsity_index": "1"
        },
        {
            "class": "fours",
            "gender": "girls",
            "results": [
                {
                    "margin_from_winner": 0,
                    "raw_time": "5:58.06",
                    "school": "Brewster Academy"
                },
                {
                    "margin_from_winner": 35.36,
                    "raw_time": "6:33.42",
                    "school": "Thayer"
                },
                {
                    "margin_from_winner": 40.74,
                    "raw_time": "6:38.8",
                    "school": "St. Mary's-Lynn"
                }
            ],
            "varsity_index": "2"
        }
    ],
    "regatta_display_name": "NEIRA Boys & Girls Fours,Brewster, Berwick, Thayer, St Mary's, Medford",
    "url": "https://www.row2k.com/results/resultspage.cfm?UID=6B42F00B9C36E071AAB9D6063008D7F1&cat=5"
}