{
    "comment": "\nDistance: 1500m Conditions: Calm conditions, tail current. Comments: Bedford racing as non-NEIRA school for this event (because they race 8+s at NEIRA's). Thayer fielded only a G2 boat for the event.\n\nNone",
    "day": "2024-05-08",
    "heats": [
        {
            "class": "fours",
            "gender": "boys",
            "results": [
                {
                    "margin_from_winner": 0,
                    "raw_time": "5:01.8",
                    "school": "Brewster Academy"
                },
                {
                    "margin_from_winner": 4.8,
                    "raw_time": "5:06.6",
                    "school": "Derryfield"
                },
                {
                    "margin_from_winner": 13.5,
                    "raw_time": "5:15.3",
                    "school": "Thayer"
                }
            ],
            "varsity_index": "1"
        },
        {
            "class": "fours",
            "gender": "boys",
            "results": [
                {
                    "margin_from_winner": 0,
                    "raw_time": "5:09.8",
                    "school": "Brewster Academy"
                },
                {
                    "margin_from_winner": 2.5,
                    "raw_time": "5:12.3",
                    "school": "Derryfield"
                }
            ],
            "varsity_index": "2"
        },
        {
            "class": "fours",
            "gender": "girls",
            "results": [
                {
                    "margin_from_winner": 0,
                    "raw_time": "5:03.7",
                    "school": "Brewster Academy"
                },
                {
                    "margin_from_winner": 23.4,
                    "raw_time": "5:27.1",
                    "school": "Derryfield"
                }
            ],
            "varsity_index": "1"
        },
        {
            "class": "fours",
            "gender": "girls",
            "results": [
                {
                    "margin_from_winner": 0,
                    "raw_time": "5:17.3",
                    "school": "Brewster Academy"
                },
                {
                    "margin_from_winner": 16.5,
                    "raw_time": "5:33.8",
                    "school": "Derryfield"
                },
                {
                    "margin_from_winner": 32.9,
                    "raw_time": "5:50.2",
                    "school": "Thayer"
                }
            ],
            "varsity_index": "2"
        }
    ],
    "regatta_display_name": "NEIRA Boys & Girls Fours,Davison Cup: Bedford, Brewster Academy, Derryfield, Thayer",
    "url": "https://www.row2k.com/results/resultspage.cfm?UID=6C4883C3BF2AE2404F975527F674C4D4&cat=5"
}