{
    "comment": "\nDistance: 1500m Conditions: Moderate head current. Minimal wind.\n\nNone",
    "day": "2024-04-28",
    "heats": [
        {
            "class": "eights",
            "gender": "girls",
            "results": [
                {
                    "margin_from_winner": 0,
                    "raw_time": "6:28.2",
                    "school": "Stonington"
                },
                {
                    "margin_from_winner": 3.7,
                    "raw_time": "6:31.9",
                    "school": "Sacred Heart"
                }
            ],
            "varsity_index": "1"
        }
    ],
    "regatta_display_name": "NEIRA Girls Eights,Stonington and Sacred Heart",
    "url": "https://www.row2k.com/results/resultspage.cfm?UID=745C6CCACF8F59AD53DCB188AEF4A1E7&cat=1"
}