{
    "comment": "\nDistance: 1500 m Conditions: Very light winds throughout all races.\n\nNone",
    "day": "2024-05-15",
    "heats": [
        {
            "class": "fours",
            "gender": "boys",
            "results": [
                {
                    "margin_from_winner": 0,
                    "raw_time": "5:38.68",
                    "school": "Brewster Academy"
                },
                {
                    "margin_from_winner": 4.28,
                    "raw_time": "5:42.96",
                    "school": "Worcester Academy"
                },
                {
                    "margin_from_winner": 32.63,
                    "raw_time": "6:11.31",
                    "school": "Medford"
                },
                {
                    "margin_from_winner": 45.43,
                    "raw_time": "6:24.11",
                    "school": "Bancroft"
                },
                {
                    "margin_from_winner": 45.44,
                    "raw_time": "6:24.12",
                    "school": "Dexter-Southfield"
                }
            ],
            "varsity_index": "1"
        },
        {
            "class": "fours",
            "gender": "boys",
            "results": [
                {
                    "margin_from_winner": 0,
                    "raw_time": "5:55.62",
                    "school": "Worcester Academy"
                },
                {
                    "margin_from_winner": 16.26,
                    "raw_time": "6:11.88",
                    "school": "Brewster Academy"
                },
                {
                    "margin_from_winner": 148.43,
                    "raw_time": "8:24.05",
                    "school": "Dexter-Southfield"
                }
            ],
            "varsity_index": "2"
        },
        {
            "class": "fours",
            "gender": "boys",
            "results": [
                {
                    "margin_from_winner": 0,
                    "raw_time": "5:52.47",
                    "school": "Medford"
                },
                {
                    "margin_from_winner": 23.3,
                    "raw_time": "6:15.77",
                    "school": "Brewster Academy"
                },
                {
                    "margin_from_winner": 45.49,
                    "raw_time": "6:37.96",
                    "school": "Worcester Academy"
                },
                {
                    "margin_from_winner": 53.85,
                    "raw_time": "6:46.32",
                    "school": "Bancroft"
                }
            ],
            "varsity_index": "3"
        },
        {
            "class": "fours",
            "gender": "girls",
            "results": [
                {
                    "margin_from_winner": 0,
                    "raw_time": "6:00.74",
                    "school": "Brewster Academy"
                },
                {
                    "margin_from_winner": 38.97,
                    "raw_time": "6:39.71",
                    "school": "Dexter-Southfield"
                },
                {
                    "margin_from_winner": 54.36,
                    "raw_time": "6:55.1",
                    "school": "Worcester Academy"
                }
            ],
            "varsity_index": "1"
        },
        {
            "class": "fours",
            "gender": "girls",
            "results": [
                {
                    "margin_from_winner": 0,
                    "raw_time": "6:36.38",
                    "school": "Brewster Academy"
                },
                {
                    "margin_from_winner": 54.56,
                    "raw_time": "7:30.94",
                    "school": "Dexter-Southfield"
                },
                {
                    "margin_from_winner": 79.76,
                    "raw_time": "7:56.14",
                    "school": "Worcester Academy"
                }
            ],
            "varsity_index": "2"
        }
    ],
    "regatta_display_name": "NEIRA Boys & Girls Fours,Worcester Academy vs. Bancroft, Medford, Dexter-Southfield and Brewster Academy",
    "url": "https://www.row2k.com/results/resultspage.cfm?UID=7673709177C626391ABCF760AC9A91FE&cat=5"
}