{
    "comment": "\nDistance: 1500m Conditions: Very little chop\n\nNone",
    "day": "2024-05-01",
    "heats": [
        {
            "class": "fours",
            "gender": "boys",
            "results": [
                {
                    "margin_from_winner": 0,
                    "raw_time": "5:45.1",
                    "school": "St. Mary's-Lynn"
                },
                {
                    "margin_from_winner": 6.95,
                    "raw_time": "5:52.05",
                    "school": "Eagle Hill"
                },
                {
                    "margin_from_winner": 30.37,
                    "raw_time": "6:15.47",
                    "school": "Marianapolis Prep"
                }
            ],
            "varsity_index": "1"
        },
        {
            "class": "fours",
            "gender": "boys",
            "results": [
                {
                    "margin_from_winner": 0,
                    "raw_time": "6:29",
                    "school": "St. Mary's-Lynn"
                },
                {
                    "margin_from_winner": 54.0,
                    "raw_time": "7:23",
                    "school": "Marianapolis Prep"
                }
            ],
            "varsity_index": "2"
        },
        {
            "class": "fours",
            "gender": "boys",
            "results": [
                {
                    "margin_from_winner": 0,
                    "raw_time": "6:48",
                    "school": "Eagle Hill"
                },
                {
                    "margin_from_winner": 13.0,
                    "raw_time": "7:01",
                    "school": "St. Mary's-Lynn"
                }
            ],
            "varsity_index": "3"
        },
        {
            "class": "fours",
            "gender": "girls",
            "results": [
                {
                    "margin_from_winner": 0,
                    "raw_time": "6:13.55",
                    "school": "St. Mary's-Lynn"
                },
                {
                    "margin_from_winner": 21.19,
                    "raw_time": "6:34.74",
                    "school": "Marianapolis Prep"
                }
            ],
            "varsity_index": "1"
        },
        {
            "class": "fours",
            "gender": "girls",
            "results": [
                {
                    "margin_from_winner": 0,
                    "raw_time": "6:47.23",
                    "school": "St. Mary's-Lynn"
                },
                {
                    "margin_from_winner": 6.53,
                    "raw_time": "6:53.76",
                    "school": "Marianapolis Prep"
                }
            ],
            "varsity_index": "2"
        }
    ],
    "regatta_display_name": "NEIRA Boys & Girls Fours,Marianapolis vs. St. Mary's-Lynn, Eagle Hill",
    "url": "https://www.row2k.com/results/resultspage.cfm?UID=76E3EDF2C6F7CD5FEBCC72CEE9D056A7&cat=5"
}