{
    "comment": "\nDistance: 1250m Conditions: Due to downstream repair work on a dam, the river was very low and the was not much current. There was also very little wind or chop.\n\nNone",
    "day": "2024-05-01",
    "heats": [
        {
            "class": "fours",
            "gender": "boys",
            "results": [
                {
                    "margin_from_winner": 0,
                    "raw_time": "4:01.97",
                    "school": "Groton"
                },
                {
                    "margin_from_winner": 55.07,
                    "raw_time": "4:57.04",
                    "school": "St. Mark's"
                }
            ],
            "varsity_index": "5"
        },
        {
            "class": "fours",
            "gender": "girls",
            "results": [
                {
                    "margin_from_winner": 0,
                    "raw_time": "4:45.17",
                    "school": "Groton"
                },
                {
                    "margin_from_winner": 3.75,
                    "raw_time": "4:48.92",
                    "school": "St. Mark's"
                }
            ],
            "varsity_index": "5"
        }
    ],
    "regatta_display_name": "NEIRA Boys & Girls Fours,Groton JV vs. St. Marks JV",
    "url": "https://www.row2k.com/results/resultspage.cfm?UID=7F0159CF3B59800CD4DF105B51503B4D&cat=5"
}