{
    "comment": "\nDistance: 1500 m Conditions: All races experienced a tailwind of approximately 8-10 mph and light chop. Comments: Race order was B1V, G1V, B2V, B3V, BN1/GN1. Notes: In G1V race, Derryfield 2V raced as \"Derryfield B.\" In B3 race, Berwick 4V raced as \"Berwick B\". A novice race has been recorded under the B4V event and consisted of Berwick BN1, Derryfield GN1 and Worcester Academy GN1.\n\nNone",
    "day": "2024-04-28",
    "heats": [
        {
            "class": "fours",
            "gender": "boys",
            "results": [
                {
                    "margin_from_winner": 0,
                    "raw_time": "5:45.73",
                    "school": "Berwick"
                },
                {
                    "margin_from_winner": 26.39,
                    "raw_time": "6:12.12",
                    "school": "Worcester Academy"
                },
                {
                    "margin_from_winner": 40.75,
                    "raw_time": "6:26:48",
                    "school": "Derryfield"
                },
                {
                    "margin_from_winner": 107.85,
                    "raw_time": "7:33.58",
                    "school": "Bancroft"
                }
            ],
            "varsity_index": "1"
        },
        {
            "class": "fours",
            "gender": "boys",
            "results": [
                {
                    "margin_from_winner": 0,
                    "raw_time": "6:25.81",
                    "school": "Berwick"
                },
                {
                    "margin_from_winner": 19.3,
                    "raw_time": "6:45.11",
                    "school": "Derryfield"
                },
                {
                    "margin_from_winner": 39.79,
                    "raw_time": "7:05.6",
                    "school": "Worcester Academy"
                }
            ],
            "varsity_index": "2"
        },
        {
            "class": "fours",
            "gender": "boys",
            "results": [
                {
                    "margin_from_winner": 0,
                    "raw_time": "6:35.28",
                    "school": "Berwick"
                },
                {
                    "margin_from_winner": 157.82,
                    "raw_time": "9:13.1",
                    "school": "Worcester Academy"
                }
            ],
            "varsity_index": "3"
        },
        {
            "class": "fours",
            "gender": "girls",
            "results": [
                {
                    "margin_from_winner": 0,
                    "raw_time": "7:20.99",
                    "school": "Derryfield"
                },
                {
                    "margin_from_winner": 6.71,
                    "raw_time": "7:27.7",
                    "school": "Berwick"
                },
                {
                    "margin_from_winner": 58.86,
                    "raw_time": "8:19.85",
                    "school": "Worcester Academy"
                }
            ],
            "varsity_index": "1"
        }
    ],
    "regatta_display_name": "NEIRA Boys & Girls Fours,Worcester Academy vs Bancroft School, Berwick Academy and Derryfield School",
    "url": "https://www.row2k.com/results/resultspage.cfm?UID=81067D27DF71795C160BB3CEFD091670&cat=5"
}