{
    "comment": "\nDistance: 1500 Conditions: Calm water, slack tide racing against the river current.\nThe Canterbury Girls 1V4+ raced in the 2nd race against the Notre Dame 2V, 3V and Canterbury Boys 2V boats. Comments: Great racing by all in some rainy conditions!\n\nNone",
    "day": "2024-05-15",
    "heats": [
        {
            "class": "fours",
            "gender": "boys",
            "results": [
                {
                    "margin_from_winner": 0,
                    "raw_time": "5:01.35",
                    "school": "Notre Dame"
                },
                {
                    "margin_from_winner": 45.18,
                    "raw_time": "5:46.53",
                    "school": "Canterbury"
                }
            ],
            "varsity_index": "1"
        },
        {
            "class": "fours",
            "gender": "boys",
            "results": [
                {
                    "margin_from_winner": 0,
                    "raw_time": "5:27.0",
                    "school": "Notre Dame"
                },
                {
                    "margin_from_winner": 112.5,
                    "raw_time": "7:19.5",
                    "school": "Canterbury"
                }
            ],
            "varsity_index": "2"
        },
        {
            "class": "fours",
            "gender": "boys",
            "results": [
                {
                    "margin_from_winner": 0,
                    "raw_time": "5:51.2",
                    "school": "Canterbury"
                },
                {
                    "margin_from_winner": 11.0,
                    "raw_time": "6:02.2",
                    "school": "Notre Dame"
                }
            ],
            "varsity_index": "3"
        }
    ],
    "regatta_display_name": "NEIRA Boys Fours, Canterbury vs Notre Dame",
    "url": "https://www.row2k.com/results/resultspage.cfm?UID=81C8AB79B6EFAFA8C32CEA9B19955B6E&cat=1"
}