{
    "comment": "\nDistance: 1300m Conditions: Tail current, slight headwind on last ~700m of course\n\nNone",
    "day": "2024-04-27",
    "heats": [
        {
            "class": "eights",
            "gender": "boys",
            "results": [
                {
                    "margin_from_winner": 0,
                    "raw_time": "4:13",
                    "school": "Stonington"
                },
                {
                    "margin_from_winner": 3.0,
                    "raw_time": "4:16",
                    "school": "Boston Latin"
                }
            ],
            "varsity_index": "1"
        },
        {
            "class": "eights",
            "gender": "boys",
            "results": [
                {
                    "margin_from_winner": 0,
                    "raw_time": "4:23",
                    "school": "Stonington"
                },
                {
                    "margin_from_winner": 8.0,
                    "raw_time": "4:31",
                    "school": "Boston Latin"
                }
            ],
            "varsity_index": "2"
        }
    ],
    "regatta_display_name": "NEIRA Boys Eights,Boston Latin vs. Stonington",
    "url": "https://www.row2k.com/results/resultspage.cfm?UID=8C2C44D0D87199862BBA177721B1AC2F&cat=1"
}