{
    "comment": "\nDistance: 1,500m Conditions: Light tailwind variable 5-10 knots, slight chop. Consistent across all races. Comments: B1V 8+ St. John's and Hotchkiss dead heat for 3rd place\n\nNone",
    "day": "2024-04-06",
    "heats": [
        {
            "class": "eights",
            "gender": "boys",
            "results": [
                {
                    "margin_from_winner": 0,
                    "raw_time": "04:54.2",
                    "school": "Bedford"
                },
                {
                    "margin_from_winner": 1.8,
                    "raw_time": "04:56.0",
                    "school": "Shrewsbury"
                },
                {
                    "margin_from_winner": 6.2,
                    "raw_time": "05:00.4",
                    "school": "Hotchkiss"
                },
                {
                    "margin_from_winner": 6.2,
                    "raw_time": "05:00.4",
                    "school": "St. John's"
                }
            ],
            "varsity_index": "1"
        },
        {
            "class": "eights",
            "gender": "boys",
            "results": [
                {
                    "margin_from_winner": 0,
                    "raw_time": "05:11.4",
                    "school": "St. John's"
                },
                {
                    "margin_from_winner": 2.5,
                    "raw_time": "05:13.9",
                    "school": "Shrewsbury"
                },
                {
                    "margin_from_winner": 14.2,
                    "raw_time": "05:25.6",
                    "school": "Bedford"
                },
                {
                    "margin_from_winner": 48.2,
                    "raw_time": "05:59.6",
                    "school": "Hotchkiss"
                }
            ],
            "varsity_index": "2"
        },
        {
            "class": "eights",
            "gender": "boys",
            "results": [
                {
                    "margin_from_winner": 0,
                    "raw_time": "05:16.5",
                    "school": "St. John's"
                },
                {
                    "margin_from_winner": 44.2,
                    "raw_time": "06:00.7",
                    "school": "Bedford"
                }
            ],
            "varsity_index": "3"
        },
        {
            "class": "eights",
            "gender": "girls",
            "results": [
                {
                    "margin_from_winner": 0,
                    "raw_time": "05:27.2",
                    "school": "Bedford"
                },
                {
                    "margin_from_winner": 18.7,
                    "raw_time": "05:45.9",
                    "school": "Hotchkiss"
                },
                {
                    "margin_from_winner": 19.9,
                    "raw_time": "05:47.1",
                    "school": "Shrewsbury"
                }
            ],
            "varsity_index": "1"
        },
        {
            "class": "eights",
            "gender": "girls",
            "results": [
                {
                    "margin_from_winner": 0,
                    "raw_time": "05:35.2",
                    "school": "Bedford"
                },
                {
                    "margin_from_winner": 29.6,
                    "raw_time": "06:04.8",
                    "school": "Shrewsbury"
                },
                {
                    "margin_from_winner": 82.6,
                    "raw_time": "06:57.8",
                    "school": "Hotchkiss"
                }
            ],
            "varsity_index": "2"
        },
        {
            "class": "eights",
            "gender": "girls",
            "results": [
                {
                    "margin_from_winner": 0,
                    "raw_time": "06:00.5",
                    "school": "Bedford"
                },
                {
                    "margin_from_winner": 39.1,
                    "raw_time": "06:39.6",
                    "school": "Shrewsbury"
                }
            ],
            "varsity_index": "3"
        }
    ],
    "regatta_display_name": "NEIRA Boys & Girls Eights,\"Shrewsbury Opener\": Shrewsbury vs St. John's vs Bedford NH vs Hotchkiss",
    "url": "https://www.row2k.com/results/resultspage.cfm?UID=8CA09990AF4E7132342F748C1880AC86&cat=5"
}