{
    "comment": "\nDistance: 1400 Conditions: Severe chop at the start and severe tail wind. Shift to light tail/starboard wind for the last 1100 meters.\nMore wind and chop at the start as the day progressed (more for girls 4, more for boys varsity 2)\n\nNone",
    "day": "2024-04-29",
    "heats": [
        {
            "class": "fours",
            "gender": "boys",
            "results": [
                {
                    "margin_from_winner": 0,
                    "raw_time": "5:55",
                    "school": "Suffield"
                },
                {
                    "margin_from_winner": 124.0,
                    "raw_time": "7:59",
                    "school": "Marianapolis Prep"
                }
            ],
            "varsity_index": "1"
        },
        {
            "class": "fours",
            "gender": "boys",
            "results": [
                {
                    "margin_from_winner": 0,
                    "raw_time": "7:14",
                    "school": "Suffield"
                },
                {
                    "margin_from_winner": 136.0,
                    "raw_time": "9:30",
                    "school": "Marianapolis Prep"
                }
            ],
            "varsity_index": "2"
        },
        {
            "class": "fours",
            "gender": "girls",
            "results": [
                {
                    "margin_from_winner": 0,
                    "raw_time": "7:18",
                    "school": "Marianapolis Prep"
                },
                {
                    "margin_from_winner": 22.0,
                    "raw_time": "7:40",
                    "school": "Suffield"
                }
            ],
            "varsity_index": "1"
        }
    ],
    "regatta_display_name": "NEIRA Boys & Girls Fours,Suffield Academy vs. Marianapolis",
    "url": "https://www.row2k.com/results/resultspage.cfm?UID=8CCAFC10198F257F661CCA17A80627CA&cat=5"
}