{
    "comment": "\nDistance: 1350 M Conditions: Conditions stayed consistent for the races, A slight crossing head wind from Cambridge to Boston. Comments: A good day of racing, well done by all boats. Thanks to MDX and NCDS for making it easy.\n\nNone",
    "day": "2024-05-04",
    "heats": [
        {
            "class": "fours",
            "gender": "girls",
            "results": [
                {
                    "margin_from_winner": 0,
                    "raw_time": "4:50.3",
                    "school": "BB&N"
                },
                {
                    "margin_from_winner": 1.9,
                    "raw_time": "4:52.2",
                    "school": "Middlesex"
                },
                {
                    "margin_from_winner": 36.5,
                    "raw_time": "5:26.8",
                    "school": "Newton Country Day"
                }
            ],
            "varsity_index": "1"
        },
        {
            "class": "fours",
            "gender": "girls",
            "results": [
                {
                    "margin_from_winner": 0,
                    "raw_time": "5:09.6",
                    "school": "BB&N"
                },
                {
                    "margin_from_winner": 3.7,
                    "raw_time": "5:13.3",
                    "school": "Middlesex"
                },
                {
                    "margin_from_winner": 11.8,
                    "raw_time": "5:21.4",
                    "school": "Newton Country Day"
                }
            ],
            "varsity_index": "2"
        },
        {
            "class": "fours",
            "gender": "girls",
            "results": [
                {
                    "margin_from_winner": 0,
                    "raw_time": "5:15.1",
                    "school": "BB&N"
                },
                {
                    "margin_from_winner": 2.6,
                    "raw_time": "5:17.7",
                    "school": "Middlesex"
                },
                {
                    "margin_from_winner": 15.5,
                    "raw_time": "5:30.6",
                    "school": "Newton Country Day"
                }
            ],
            "varsity_index": "3"
        },
        {
            "class": "fours",
            "gender": "girls",
            "results": [
                {
                    "margin_from_winner": 0,
                    "raw_time": "5:16.4",
                    "school": "BB&N"
                },
                {
                    "margin_from_winner": 11.4,
                    "raw_time": "5:27.8",
                    "school": "Middlesex"
                },
                {
                    "margin_from_winner": 43.8,
                    "raw_time": "6:00.2",
                    "school": "Newton Country Day"
                }
            ],
            "varsity_index": "4"
        }
    ],
    "regatta_display_name": "NEIRA, NCDS, Middlesex, BB&N (hosted)",
    "url": "https://www.row2k.com/results/resultspage.cfm?UID=8FA4B72699D2163ED86519848FFC5337&cat=1"
}