{
    "comment": "\nDistance: ~1500m Conditions: Gusty headwind (15-25 mph) in moderate chop along lee shore. Crews had approximately the same conditions. Lane assignments probably affected times somewhat. Comments: Challenging conditions overcome by the constructive attitudes of all the coaches and race enthusiasm of athletes. Thanks to a strong Nobles team for coming up for some raw weather racing in early April. We were pleased to get the races in.\n\nNone",
    "day": "2024-04-13",
    "heats": [
        {
            "class": "fours",
            "gender": "boys",
            "results": [
                {
                    "margin_from_winner": 0,
                    "raw_time": "5:19",
                    "school": "Nobles"
                },
                {
                    "margin_from_winner": 15.0,
                    "raw_time": "5:34",
                    "school": "Brooks"
                }
            ],
            "varsity_index": "1"
        },
        {
            "class": "fours",
            "gender": "boys",
            "results": [
                {
                    "margin_from_winner": 0,
                    "raw_time": "5:34",
                    "school": "Nobles"
                },
                {
                    "margin_from_winner": 9.0,
                    "raw_time": "5:43",
                    "school": "Brooks"
                }
            ],
            "varsity_index": "2"
        },
        {
            "class": "fours",
            "gender": "boys",
            "results": [
                {
                    "margin_from_winner": 0,
                    "raw_time": "5:31",
                    "school": "Nobles"
                },
                {
                    "margin_from_winner": 19.0,
                    "raw_time": "5:50",
                    "school": "Brooks"
                }
            ],
            "varsity_index": "3"
        },
        {
            "class": "fours",
            "gender": "boys",
            "results": [
                {
                    "margin_from_winner": 0,
                    "raw_time": "5:53",
                    "school": "Nobles"
                },
                {
                    "margin_from_winner": 38.0,
                    "raw_time": "6:31",
                    "school": "Brooks"
                }
            ],
            "varsity_index": "4"
        },
        {
            "class": "fours",
            "gender": "girls",
            "results": [
                {
                    "margin_from_winner": 0,
                    "raw_time": "5:58",
                    "school": "Nobles"
                },
                {
                    "margin_from_winner": 4.0,
                    "raw_time": "6:02",
                    "school": "Brooks"
                }
            ],
            "varsity_index": "1"
        },
        {
            "class": "fours",
            "gender": "girls",
            "results": [
                {
                    "margin_from_winner": 0,
                    "raw_time": "6:03",
                    "school": "Nobles"
                },
                {
                    "margin_from_winner": 20.0,
                    "raw_time": "6:23",
                    "school": "Brooks"
                }
            ],
            "varsity_index": "2"
        },
        {
            "class": "fours",
            "gender": "girls",
            "results": [
                {
                    "margin_from_winner": 0,
                    "raw_time": "6:21",
                    "school": "Nobles"
                },
                {
                    "margin_from_winner": 42.0,
                    "raw_time": "7:03",
                    "school": "Brooks"
                }
            ],
            "varsity_index": "3"
        },
        {
            "class": "fours",
            "gender": "girls",
            "results": [
                {
                    "margin_from_winner": 0,
                    "raw_time": "6:23",
                    "school": "Nobles"
                },
                {
                    "margin_from_winner": 51.0,
                    "raw_time": "7:14",
                    "school": "Brooks"
                }
            ],
            "varsity_index": "4"
        }
    ],
    "regatta_display_name": "NEIRA Boys & Girls Fours,Brooks vs. Nobles",
    "url": "https://www.row2k.com/results/resultspage.cfm?UID=947B7F9F873E76F39BBF493ADD420814&cat=5"
}