{
    "comment": "\nDistance: 1500 Conditions: All raced with the incoming tide. Flat water with a slight head wind in the second 750 of the race. Comments: Racing order was: Boys 3V event, Girls 1V event, Boys 1V, Boys 2V, Girls Novice, Varsity mixed 4, Novice Mixed 4.\nThe results for the varsity mixed 4 can be found in the Girl's Third boat event and novice mixed 4 in the Girl's Fourth boat event.\nThank you to St. Mary's for making the trip up to Maine!\n\nNone",
    "day": "2024-05-18",
    "heats": [
        {
            "class": "fours",
            "gender": "boys",
            "results": [
                {
                    "margin_from_winner": 0,
                    "raw_time": "5:49.5",
                    "school": "Berwick"
                },
                {
                    "margin_from_winner": 25.53,
                    "raw_time": "6:15.03",
                    "school": "St. Mary's-Lynn"
                }
            ],
            "varsity_index": "1"
        },
        {
            "class": "fours",
            "gender": "boys",
            "results": [
                {
                    "margin_from_winner": 0,
                    "raw_time": "6:06.8",
                    "school": "Berwick"
                },
                {
                    "margin_from_winner": 50.3,
                    "raw_time": "6:57.1",
                    "school": "St. Mary's-Lynn"
                }
            ],
            "varsity_index": "2"
        },
        {
            "class": "fours",
            "gender": "boys",
            "results": [
                {
                    "margin_from_winner": 0,
                    "raw_time": "6:18.8",
                    "school": "Berwick"
                },
                {
                    "margin_from_winner": 99.6,
                    "raw_time": "7:58.4",
                    "school": "St. Mary's-Lynn"
                }
            ],
            "varsity_index": "3"
        },
        {
            "class": "fours",
            "gender": "girls",
            "results": [
                {
                    "margin_from_winner": 0,
                    "raw_time": "6:43.2",
                    "school": "St. Mary's-Lynn"
                },
                {
                    "margin_from_winner": 19.7,
                    "raw_time": "7:02.9",
                    "school": "Berwick"
                }
            ],
            "varsity_index": "1"
        },
        {
            "class": "fours",
            "gender": "girls",
            "results": [
                {
                    "margin_from_winner": 0,
                    "raw_time": "7:36.7",
                    "school": "Berwick"
                },
                {
                    "margin_from_winner": 24.6,
                    "raw_time": "8:01.3",
                    "school": "St. Mary's-Lynn"
                }
            ],
            "varsity_index": "2"
        },
        {
            "class": "fours",
            "gender": "girls",
            "results": [
                {
                    "margin_from_winner": 0,
                    "raw_time": "6:38.1",
                    "school": "St. Mary's-Lynn"
                },
                {
                    "margin_from_winner": 76.2,
                    "raw_time": "7:54.3",
                    "school": "Berwick"
                }
            ],
            "varsity_index": "3"
        }
    ],
    "regatta_display_name": "NEIRA Boys & Girls Fours,Berwick Academy vs. St. Mary's Lynn",
    "url": "https://www.row2k.com/results/resultspage.cfm?UID=94A925569336F87751988FD40576C366&cat=5"
}