{
    "comment": "\nDistance: 1500 m Conditions: Consistent light wind throughout races. Comments: In a friendly race Worcester Academy GN1 4+ raced Shrewsbury Boys 2-. This was recorded in Girls 4V event.\n\nNone",
    "day": "2024-05-02",
    "heats": [
        {
            "class": "eights",
            "gender": "boys",
            "results": [
                {
                    "margin_from_winner": 0,
                    "raw_time": "5:17.93",
                    "school": "Shrewsbury"
                },
                {
                    "margin_from_winner": 18.71,
                    "raw_time": "5:36.64",
                    "school": "Worcester Academy"
                }
            ],
            "varsity_index": "1"
        },
        {
            "class": "eights",
            "gender": "boys",
            "results": [
                {
                    "margin_from_winner": 0,
                    "raw_time": "5:38.4",
                    "school": "Shrewsbury"
                },
                {
                    "margin_from_winner": 27.2,
                    "raw_time": "6:05.6",
                    "school": "Worcester Academy"
                }
            ],
            "varsity_index": "2"
        },
        {
            "class": "eights",
            "gender": "boys",
            "results": [
                {
                    "margin_from_winner": 0,
                    "raw_time": "5:47.47",
                    "school": "Shrewsbury"
                },
                {
                    "margin_from_winner": 64.64,
                    "raw_time": "6:52.11",
                    "school": "Worcester Academy"
                }
            ],
            "varsity_index": "3"
        },
        {
            "class": "eights",
            "gender": "girls",
            "results": [
                {
                    "margin_from_winner": 0,
                    "raw_time": "6:17.66",
                    "school": "Shrewsbury"
                },
                {
                    "margin_from_winner": 25.4,
                    "raw_time": "6:43.06",
                    "school": "Worcester Academy"
                }
            ],
            "varsity_index": "1"
        }
    ],
    "regatta_display_name": "NEIRA,Worcester Academy vs. Shrewsbury",
    "url": "https://www.row2k.com/results/resultspage.cfm?UID=9D91D12A05312FA648CB069922388668&cat=5"
}