{
    "comment": "\nDistance: 1000m Conditions: Calm with slight tailwind for all races Comments: Thank you to Neponset Rowing Club for hosting.\n\nNone",
    "day": "2024-05-01",
    "heats": [
        {
            "class": "fours",
            "gender": "boys",
            "results": [
                {
                    "margin_from_winner": 0,
                    "raw_time": "3:17.73",
                    "school": "Thayer"
                },
                {
                    "margin_from_winner": 7.53,
                    "raw_time": "3:25.26",
                    "school": "Medford"
                }
            ],
            "varsity_index": "1"
        },
        {
            "class": "fours",
            "gender": "boys",
            "results": [
                {
                    "margin_from_winner": 0,
                    "raw_time": "3:36.31",
                    "school": "Medford"
                },
                {
                    "margin_from_winner": 2.26,
                    "raw_time": "3:38.57",
                    "school": "Dexter-Southfield"
                }
            ],
            "varsity_index": "4"
        }
    ],
    "regatta_display_name": "NEIRA Boys & Girls Fours,Neponset Rowing Club vs Thayer vs Medford High School vs Dexter Southfield",
    "url": "https://www.row2k.com/results/resultspage.cfm?UID=A0D8E23B33FA4A1CD9EE0595C6E7A2A5&cat=5"
}