{
    "comment": "\nDistance: 1202 Conditions: Stake boats. Head wind for 1v\u2019s and 2v. When rain started no wind my moderate rain for Novices Comments: Girls novice event Middletown caught a crab off the start. Then at the dock Avon had an oar come out of the oar lock and then caught a crab. Took them about 30\u201d to correct and keep racking. Thank you Avon and Middletown for coming to the Middle of the Farmington\n\nNone",
    "day": "2024-05-05",
    "heats": [],
    "regatta_display_name": "NEIRA Boys & Girls Eights,Middle of Farmington: Farmington, Avon, Middletown",
    "url": "https://www.row2k.com/results/resultspage.cfm?UID=A0DF9A7D40617FCB4CB11BEA46E65364&cat=5"
}