{
    "comment": "\nDistance: 1400 meters upstream Conditions: Overcast and calm with a steady moderate current. Floating starts Comments: Thanks to Tabor and Hingham for making the long trip to Hanover for the 21st race for The Flame trophy. Hanover won the trophy by finishing ahead of Tabor in a majority of the races. The G3 race was stopped and then restarted from the starting line after an oarlock opened ten seconds into the race. In the G4 race Tabor caught a crab at the halfway.\n\nNone",
    "day": "2024-05-18",
    "heats": [
        {
            "class": "eights",
            "gender": "boys",
            "results": [
                {
                    "margin_from_winner": 0,
                    "raw_time": "4:39.5",
                    "school": "Hanover"
                },
                {
                    "margin_from_winner": 0.7,
                    "raw_time": "4:40.2",
                    "school": "Hingham"
                },
                {
                    "margin_from_winner": 12.5,
                    "raw_time": "4:52.0",
                    "school": "Tabor"
                }
            ],
            "varsity_index": "1"
        },
        {
            "class": "eights",
            "gender": "boys",
            "results": [
                {
                    "margin_from_winner": 0,
                    "raw_time": "4:58.9",
                    "school": "Hingham"
                },
                {
                    "margin_from_winner": 4.6,
                    "raw_time": "5:03.5",
                    "school": "Hanover"
                },
                {
                    "margin_from_winner": 5.6,
                    "raw_time": "5:04.5",
                    "school": "Tabor"
                }
            ],
            "varsity_index": "2"
        },
        {
            "class": "eights",
            "gender": "boys",
            "results": [
                {
                    "margin_from_winner": 0,
                    "raw_time": "5:06.6",
                    "school": "Hingham"
                },
                {
                    "margin_from_winner": 13.1,
                    "raw_time": "5:19.7",
                    "school": "Tabor"
                },
                {
                    "margin_from_winner": 15.7,
                    "raw_time": "5:22.3",
                    "school": "Hanover"
                }
            ],
            "varsity_index": "3"
        },
        {
            "class": "eights",
            "gender": "boys",
            "results": [
                {
                    "margin_from_winner": 0,
                    "raw_time": "5:22.5",
                    "school": "Hanover"
                },
                {
                    "margin_from_winner": 16.8,
                    "raw_time": "5:39.3",
                    "school": "Hingham"
                },
                {
                    "margin_from_winner": 22.5,
                    "raw_time": "5:45",
                    "school": "Tabor"
                }
            ],
            "varsity_index": "4"
        },
        {
            "class": "eights",
            "gender": "boys",
            "results": [
                {
                    "margin_from_winner": 0,
                    "raw_time": "5:29",
                    "school": "Hingham"
                },
                {
                    "margin_from_winner": 10.0,
                    "raw_time": "5:39",
                    "school": "Hanover"
                }
            ],
            "varsity_index": "5"
        },
        {
            "class": "eights",
            "gender": "girls",
            "results": [
                {
                    "margin_from_winner": 0,
                    "raw_time": "5:24.9",
                    "school": "Hanover"
                },
                {
                    "margin_from_winner": 7.6,
                    "raw_time": "5:32.5",
                    "school": "Hingham"
                },
                {
                    "margin_from_winner": 25.7,
                    "raw_time": "5:50.6",
                    "school": "Tabor"
                }
            ],
            "varsity_index": "1"
        },
        {
            "class": "eights",
            "gender": "girls",
            "results": [
                {
                    "margin_from_winner": 0,
                    "raw_time": "5:29.3",
                    "school": "Hingham"
                },
                {
                    "margin_from_winner": 22.3,
                    "raw_time": "5:51.6",
                    "school": "Hanover"
                },
                {
                    "margin_from_winner": 38.7,
                    "raw_time": "6:08",
                    "school": "Tabor"
                }
            ],
            "varsity_index": "2"
        },
        {
            "class": "eights",
            "gender": "girls",
            "results": [
                {
                    "margin_from_winner": 0,
                    "raw_time": "5:49.2",
                    "school": "Hingham"
                },
                {
                    "margin_from_winner": 3.9,
                    "raw_time": "5:53.1",
                    "school": "Hanover"
                },
                {
                    "margin_from_winner": 28.8,
                    "raw_time": "6:18.0",
                    "school": "Tabor"
                }
            ],
            "varsity_index": "3"
        },
        {
            "class": "eights",
            "gender": "girls",
            "results": [
                {
                    "margin_from_winner": 0,
                    "raw_time": "5:49.0",
                    "school": "Hanover"
                },
                {
                    "margin_from_winner": 12.0,
                    "raw_time": "6:01.0",
                    "school": "Hingham"
                },
                {
                    "margin_from_winner": 68.0,
                    "raw_time": "6:57",
                    "school": "Tabor"
                }
            ],
            "varsity_index": "4"
        },
        {
            "class": "eights",
            "gender": "girls",
            "results": [
                {
                    "margin_from_winner": 0,
                    "raw_time": "5:52.8",
                    "school": "Hanover"
                },
                {
                    "margin_from_winner": 26.2,
                    "raw_time": "6:19",
                    "school": "Hingham"
                }
            ],
            "varsity_index": "5"
        },
        {
            "class": "eights",
            "gender": "girls",
            "results": [
                {
                    "margin_from_winner": 0,
                    "raw_time": "6:19",
                    "school": "Hingham"
                },
                {
                    "margin_from_winner": 28.0,
                    "raw_time": "6:47",
                    "school": "Hanover"
                }
            ],
            "varsity_index": "6"
        }
    ],
    "regatta_display_name": "NEIRA Boys & Girls Eights,Hanover HS vs Tabor Hingham. The Flame Trophy",
    "url": "https://www.row2k.com/results/resultspage.cfm?UID=A0F89A5CD2A7528F721469FCAC3BD956&cat=5"
}