{
    "comment": "\nDistance: 1650 Conditions: Calm conditions to start racing with tailwind building over the course of the afternoon. 5-10mph. Order of racing:\nB3, G5, B4, G4, B2, G2, B5, G1, B1, G6, G3, B6. Comments: Not all races started at the line. Times should not be compared.\nIn the G6 race, Hanover cut the turn buoy which is grounds for a disqualification.\nIn the B4 race, Hanover caught multiple boat-stopping crabs.\nThank you to all crews for making the trip. And special thank you to the athletes willing to double up or create composite crews to get everyone on the water today.\n\nNone",
    "day": "2024-04-27",
    "heats": [
        {
            "class": "eights",
            "gender": "boys",
            "results": [
                {
                    "margin_from_winner": 0,
                    "raw_time": "4:27.8",
                    "school": "Andover"
                },
                {
                    "margin_from_winner": 13.9,
                    "raw_time": "4:41.7",
                    "school": "Hanover"
                },
                {
                    "margin_from_winner": 18.6,
                    "raw_time": "4:46.4",
                    "school": "Bedford"
                }
            ],
            "varsity_index": "1"
        },
        {
            "class": "eights",
            "gender": "boys",
            "results": [
                {
                    "margin_from_winner": 0,
                    "raw_time": "4:44.6",
                    "school": "Andover"
                },
                {
                    "margin_from_winner": 26.3,
                    "raw_time": "5:10.9",
                    "school": "Hanover"
                },
                {
                    "margin_from_winner": 34.7,
                    "raw_time": "5:19.3",
                    "school": "Bedford"
                }
            ],
            "varsity_index": "2"
        },
        {
            "class": "eights",
            "gender": "boys",
            "results": [
                {
                    "margin_from_winner": 0,
                    "raw_time": "4:50.8",
                    "school": "Andover"
                },
                {
                    "margin_from_winner": 34.4,
                    "raw_time": "5:25.2",
                    "school": "Hanover"
                }
            ],
            "varsity_index": "3"
        },
        {
            "class": "eights",
            "gender": "boys",
            "results": [
                {
                    "margin_from_winner": 0,
                    "raw_time": "4:53.0",
                    "school": "Andover"
                },
                {
                    "margin_from_winner": 66.5,
                    "raw_time": "5:59.5",
                    "school": "Hanover"
                }
            ],
            "varsity_index": "4"
        },
        {
            "class": "eights",
            "gender": "boys",
            "results": [
                {
                    "margin_from_winner": 0,
                    "raw_time": "5:08.0",
                    "school": "Andover"
                },
                {
                    "margin_from_winner": 47.5,
                    "raw_time": "5:55.5",
                    "school": "Hanover"
                }
            ],
            "varsity_index": "5"
        },
        {
            "class": "eights",
            "gender": "girls",
            "results": [
                {
                    "margin_from_winner": 0,
                    "raw_time": "5:00.5",
                    "school": "Andover"
                },
                {
                    "margin_from_winner": 4.2,
                    "raw_time": "5:04.7",
                    "school": "Bedford"
                },
                {
                    "margin_from_winner": 8.0,
                    "raw_time": "5:08.5",
                    "school": "Hanover"
                }
            ],
            "varsity_index": "1"
        },
        {
            "class": "eights",
            "gender": "girls",
            "results": [
                {
                    "margin_from_winner": 0,
                    "raw_time": "5:20.3",
                    "school": "Andover"
                },
                {
                    "margin_from_winner": 10.3,
                    "raw_time": "5:30.6",
                    "school": "Bedford"
                },
                {
                    "margin_from_winner": 18.5,
                    "raw_time": "5:38.8",
                    "school": "Hanover"
                }
            ],
            "varsity_index": "2"
        },
        {
            "class": "eights",
            "gender": "girls",
            "results": [
                {
                    "margin_from_winner": 0,
                    "raw_time": "5:35.7",
                    "school": "Andover"
                },
                {
                    "margin_from_winner": 15.3,
                    "raw_time": "5:51.0",
                    "school": "Bedford"
                },
                {
                    "margin_from_winner": 17.9,
                    "raw_time": "5:53.6",
                    "school": "Hanover"
                }
            ],
            "varsity_index": "3"
        },
        {
            "class": "eights",
            "gender": "girls",
            "results": [
                {
                    "margin_from_winner": 0,
                    "raw_time": "5:24.9",
                    "school": "Hanover"
                },
                {
                    "margin_from_winner": 12.3,
                    "raw_time": "5:37.2",
                    "school": "Andover"
                },
                {
                    "margin_from_winner": 45.8,
                    "raw_time": "6:10.7",
                    "school": "Bedford"
                }
            ],
            "varsity_index": "4"
        },
        {
            "class": "eights",
            "gender": "girls",
            "results": [
                {
                    "margin_from_winner": 0,
                    "raw_time": "6:13.9",
                    "school": "Andover"
                },
                {
                    "margin_from_winner": 15.7,
                    "raw_time": "6:29.6",
                    "school": "Hanover"
                }
            ],
            "varsity_index": "5"
        }
    ],
    "regatta_display_name": "NEIRA,Andover vs. Hanover High School vs. Bedford",
    "url": "https://www.row2k.com/results/resultspage.cfm?UID=A21A42AB805198290F7DED1497014168&cat=5"
}