{
    "comment": "\nDistance: 1500 Conditions: Floating start down river race with a modest current. 5 MRH cross breeze off the starboard. Slight starboard turn at 750 meters. 3 lane course. Lanes were rotated for each race. Comments: Lewis Mills Girls V24, Valley Regional Girls 2V4, and Middletown Boys 1V4 all received a 10 second penalty for cutting the the inside of the starboard turn. 10 second penalties are represented in the final results.\n\nNone",
    "day": "2024-05-07",
    "heats": [
        {
            "class": "fours",
            "gender": "boys",
            "results": [
                {
                    "margin_from_winner": 0,
                    "raw_time": "4:44.94",
                    "school": "Middletown"
                },
                {
                    "margin_from_winner": 16.6,
                    "raw_time": "5:01.54",
                    "school": "Valley Regional"
                }
            ],
            "varsity_index": "1"
        },
        {
            "class": "fours",
            "gender": "girls",
            "results": [
                {
                    "margin_from_winner": 0,
                    "raw_time": "5:17.06",
                    "school": "Middletown"
                },
                {
                    "margin_from_winner": 11.65,
                    "raw_time": "5:28.71",
                    "school": "Valley Regional"
                }
            ],
            "varsity_index": "1"
        },
        {
            "class": "fours",
            "gender": "girls",
            "results": [
                {
                    "margin_from_winner": 0,
                    "raw_time": "5:35.64",
                    "school": "Middletown"
                },
                {
                    "margin_from_winner": 5.11,
                    "raw_time": "5:40.75",
                    "school": "Valley Regional"
                }
            ],
            "varsity_index": "2"
        }
    ],
    "regatta_display_name": "NEIRA Boys & Girls Fours,Middletown High School, Valley Regional High School, Old Saybrook High School, Lewis Mills High Scho",
    "url": "https://www.row2k.com/results/resultspage.cfm?UID=A3DFF7BD755ACA70624E7EB5E0D751D0&cat=5"
}