{
    "comment": "\nDistance: 1500 meters Conditions: Moderate tailwind with light chop for most of the course. G4 started 4 seats over the line; all other crews started about 1-2 seats over the line. Comments: Many thanks to Andover for making the trip and for terrific racing!\n\nNone",
    "day": "2024-05-04",
    "heats": [
        {
            "class": "eights",
            "gender": "girls",
            "results": [
                {
                    "margin_from_winner": 0,
                    "raw_time": "4:55.2",
                    "school": "St. Paul's"
                },
                {
                    "margin_from_winner": 2.5,
                    "raw_time": "4:57.7",
                    "school": "Andover"
                }
            ],
            "varsity_index": "1"
        },
        {
            "class": "eights",
            "gender": "girls",
            "results": [
                {
                    "margin_from_winner": 0,
                    "raw_time": "5:19.1",
                    "school": "Andover"
                },
                {
                    "margin_from_winner": 8.8,
                    "raw_time": "5:27.9",
                    "school": "St. Paul's"
                }
            ],
            "varsity_index": "2"
        },
        {
            "class": "eights",
            "gender": "girls",
            "results": [
                {
                    "margin_from_winner": 0,
                    "raw_time": "5:32.2",
                    "school": "St. Paul's"
                },
                {
                    "margin_from_winner": 3.4,
                    "raw_time": "5:35.6",
                    "school": "Andover"
                }
            ],
            "varsity_index": "3"
        },
        {
            "class": "eights",
            "gender": "girls",
            "results": [
                {
                    "margin_from_winner": 0,
                    "raw_time": "5:38.6",
                    "school": "St. Paul's"
                },
                {
                    "margin_from_winner": 10.5,
                    "raw_time": "5:49.1",
                    "school": "Andover"
                }
            ],
            "varsity_index": "4"
        },
        {
            "class": "eights",
            "gender": "girls",
            "results": [
                {
                    "margin_from_winner": 0,
                    "raw_time": "6:18.1",
                    "school": "Andover"
                },
                {
                    "margin_from_winner": 8.4,
                    "raw_time": "6:26.5",
                    "school": "St. Paul's"
                }
            ],
            "varsity_index": "5"
        }
    ],
    "regatta_display_name": "NEIRA Girls Eights,Andover vs. St. Paul's School",
    "url": "https://www.row2k.com/results/resultspage.cfm?UID=A465B93D1EE686E490EE830AFB03A036&cat=1"
}