{
    "comment": "\nDistance: 1300m Conditions: excellent water, modest wind shifting from mainly cross to mainly head as the racing progressed. Order of racing was 4V8, 3V4, 6V4, 5V4, 4V4/2V4/1V4 Comments: Thanks to all of the Nobles crews for making the trip downstream for a terrific day of racing!\n\nNone",
    "day": "2024-05-04",
    "heats": [
        {
            "class": "fours",
            "gender": "boys",
            "results": [
                {
                    "margin_from_winner": 0,
                    "raw_time": "4:18.9",
                    "school": "Belmont Hill"
                },
                {
                    "margin_from_winner": 1.8,
                    "raw_time": "4:20.7",
                    "school": "Nobles"
                }
            ],
            "varsity_index": "1"
        },
        {
            "class": "fours",
            "gender": "boys",
            "results": [
                {
                    "margin_from_winner": 0,
                    "raw_time": "4:22.1",
                    "school": "Belmont Hill"
                },
                {
                    "margin_from_winner": 1.9,
                    "raw_time": "4:24.0",
                    "school": "Nobles"
                }
            ],
            "varsity_index": "2"
        },
        {
            "class": "fours",
            "gender": "boys",
            "results": [
                {
                    "margin_from_winner": 0,
                    "raw_time": "4:18.0",
                    "school": "Belmont Hill"
                },
                {
                    "margin_from_winner": 8.8,
                    "raw_time": "4:26.8",
                    "school": "Nobles"
                }
            ],
            "varsity_index": "3"
        },
        {
            "class": "fours",
            "gender": "boys",
            "results": [
                {
                    "margin_from_winner": 0,
                    "raw_time": "4:26.5",
                    "school": "Belmont Hill"
                },
                {
                    "margin_from_winner": 4.6,
                    "raw_time": "4:31.1",
                    "school": "Nobles"
                }
            ],
            "varsity_index": "4"
        },
        {
            "class": "fours",
            "gender": "boys",
            "results": [
                {
                    "margin_from_winner": 0,
                    "raw_time": "4:32.4",
                    "school": "Nobles"
                },
                {
                    "margin_from_winner": 6.7,
                    "raw_time": "4:39.1",
                    "school": "Belmont Hill"
                }
            ],
            "varsity_index": "5"
        },
        {
            "class": "fours",
            "gender": "boys",
            "results": [
                {
                    "margin_from_winner": 0,
                    "raw_time": "4:38.4",
                    "school": "Nobles"
                },
                {
                    "margin_from_winner": 1.1,
                    "raw_time": "4:39.5",
                    "school": "Belmont Hill"
                }
            ],
            "varsity_index": "6"
        }
    ],
    "regatta_display_name": "NEIRA Boys Fours, Belmont Hill vs Nobles, The Bassett Cup +",
    "url": "https://www.row2k.com/results/resultspage.cfm?UID=A5B89B2E3F4229F69333FE91D686A8AC&cat=1"
}