{
    "comment": "\nDistance: 1500 Conditions: Variable headwind, started out light for G4 and B4 races and gradually built up to a steady headwind, especially at the last 500m. Gusts up to 15mph at moments. Comments: Races were all started on the line and it was a great day on the Lake. Thanks to all the crews who came out to race!\n\nNone",
    "day": "2024-04-27",
    "heats": [
        {
            "class": "fours",
            "gender": "boys",
            "results": [
                {
                    "margin_from_winner": 0,
                    "raw_time": "5:37.4",
                    "school": "Nobles"
                },
                {
                    "margin_from_winner": 19.9,
                    "raw_time": "5:57.3",
                    "school": "St. Mark's"
                },
                {
                    "margin_from_winner": 59.8,
                    "raw_time": "6:37.2",
                    "school": "Brewster Academy"
                }
            ],
            "varsity_index": "1"
        },
        {
            "class": "fours",
            "gender": "boys",
            "results": [
                {
                    "margin_from_winner": 0,
                    "raw_time": "5:51.6",
                    "school": "Nobles"
                },
                {
                    "margin_from_winner": 32.1,
                    "raw_time": "6:23.7",
                    "school": "St. Mark's"
                },
                {
                    "margin_from_winner": 61.0,
                    "raw_time": "6:52.6",
                    "school": "Brewster Academy"
                }
            ],
            "varsity_index": "2"
        },
        {
            "class": "fours",
            "gender": "boys",
            "results": [
                {
                    "margin_from_winner": 0,
                    "raw_time": "5:48.4",
                    "school": "Nobles"
                },
                {
                    "margin_from_winner": 35.9,
                    "raw_time": "6:24.3",
                    "school": "St. Mark's"
                }
            ],
            "varsity_index": "3"
        },
        {
            "class": "fours",
            "gender": "boys",
            "results": [
                {
                    "margin_from_winner": 0,
                    "raw_time": "5:47.7",
                    "school": "Nobles"
                },
                {
                    "margin_from_winner": 65.2,
                    "raw_time": "6:52.9",
                    "school": "St. Mark's"
                },
                {
                    "margin_from_winner": 91.4,
                    "raw_time": "7:19.1",
                    "school": "Brewster Academy"
                }
            ],
            "varsity_index": "4"
        },
        {
            "class": "fours",
            "gender": "girls",
            "results": [
                {
                    "margin_from_winner": 0,
                    "raw_time": "6:19.7",
                    "school": "Nobles"
                },
                {
                    "margin_from_winner": 14.6,
                    "raw_time": "6:34.3",
                    "school": "St. Mark's"
                },
                {
                    "margin_from_winner": 19.3,
                    "raw_time": "6:39.0",
                    "school": "Brewster Academy"
                },
                {
                    "margin_from_winner": 71.5,
                    "raw_time": "7:31.2",
                    "school": "Newton Country Day"
                }
            ],
            "varsity_index": "1"
        },
        {
            "class": "fours",
            "gender": "girls",
            "results": [
                {
                    "margin_from_winner": 0,
                    "raw_time": "6:21.7",
                    "school": "Nobles"
                },
                {
                    "margin_from_winner": 27.1,
                    "raw_time": "6:48.8",
                    "school": "St. Mark's"
                },
                {
                    "margin_from_winner": 52.7,
                    "raw_time": "7:14.4",
                    "school": "Newton Country Day"
                },
                {
                    "margin_from_winner": 72.8,
                    "raw_time": "7:34.5",
                    "school": "Brewster Academy"
                }
            ],
            "varsity_index": "2"
        },
        {
            "class": "fours",
            "gender": "girls",
            "results": [
                {
                    "margin_from_winner": 0,
                    "raw_time": "6:50.6",
                    "school": "Nobles"
                },
                {
                    "margin_from_winner": 24.2,
                    "raw_time": "7:14.8",
                    "school": "St. Mark's"
                },
                {
                    "margin_from_winner": 35.3,
                    "raw_time": "7:25.9",
                    "school": "Newton Country Day"
                }
            ],
            "varsity_index": "3"
        },
        {
            "class": "fours",
            "gender": "girls",
            "results": [
                {
                    "margin_from_winner": 0,
                    "raw_time": "6:48.9",
                    "school": "Nobles"
                },
                {
                    "margin_from_winner": 40.6,
                    "raw_time": "7:29.5",
                    "school": "St. Mark's"
                },
                {
                    "margin_from_winner": 88.5,
                    "raw_time": "8:17.4",
                    "school": "Newton Country Day"
                }
            ],
            "varsity_index": "4"
        }
    ],
    "regatta_display_name": "NEIRA Boys & Girls Fours,St. Marks, Nobles, Brewster, NCDS",
    "url": "https://www.row2k.com/results/resultspage.cfm?UID=A6F3B0420129EB02E75FD2608D0C3CD5&cat=5"
}