{
    "comment": "\nDistance: 1,200 m Conditions: Mild tailwind and tail current. Comments: Thank you to E.O. Smith for visiting! Great racing by all.\n\nNone",
    "day": "2024-05-07",
    "heats": [
        {
            "class": "eights",
            "gender": "girls",
            "results": [
                {
                    "margin_from_winner": 0,
                    "raw_time": "4:17.14",
                    "school": "Farmington"
                },
                {
                    "margin_from_winner": 22.49,
                    "raw_time": "4:39.63",
                    "school": "E.O. Smith"
                }
            ],
            "varsity_index": "1"
        }
    ],
    "regatta_display_name": "NEIRA Girls Eights",
    "url": "https://www.row2k.com/results/resultspage.cfm?UID=A75B3D46B3D6DAA8C727C22B1F92DE1A&cat=1"
}