{
    "comment": "\nDistance: 1350 Conditions: moderate cross tailwind, sunny Comments: Floating starts- should not compare times between races.\nGreat day of racing! Thank you Duxbury for making the trip!\n\nNone",
    "day": "2024-04-28",
    "heats": [
        {
            "class": "eights",
            "gender": "boys",
            "results": [
                {
                    "margin_from_winner": 0,
                    "raw_time": "4:20.9",
                    "school": "Duxbury"
                },
                {
                    "margin_from_winner": 0.4,
                    "raw_time": "4:21.3",
                    "school": "Hingham"
                }
            ],
            "varsity_index": "1"
        },
        {
            "class": "eights",
            "gender": "boys",
            "results": [
                {
                    "margin_from_winner": 0,
                    "raw_time": "4:26.8",
                    "school": "Duxbury"
                },
                {
                    "margin_from_winner": 3.3,
                    "raw_time": "4:30.1",
                    "school": "Hingham"
                }
            ],
            "varsity_index": "2"
        },
        {
            "class": "eights",
            "gender": "boys",
            "results": [
                {
                    "margin_from_winner": 0,
                    "raw_time": "4:45.0",
                    "school": "Hingham"
                },
                {
                    "margin_from_winner": 3.7,
                    "raw_time": "4:48.7",
                    "school": "Duxbury"
                }
            ],
            "varsity_index": "3"
        },
        {
            "class": "eights",
            "gender": "boys",
            "results": [
                {
                    "margin_from_winner": 0,
                    "raw_time": "5:12.6",
                    "school": "Duxbury"
                },
                {
                    "margin_from_winner": 14.9,
                    "raw_time": "5:27.5",
                    "school": "Hingham"
                }
            ],
            "varsity_index": "4"
        },
        {
            "class": "eights",
            "gender": "girls",
            "results": [
                {
                    "margin_from_winner": 0,
                    "raw_time": "4:45.0",
                    "school": "Duxbury"
                },
                {
                    "margin_from_winner": 19.3,
                    "raw_time": "5:04.3",
                    "school": "Hingham"
                }
            ],
            "varsity_index": "1"
        },
        {
            "class": "eights",
            "gender": "girls",
            "results": [
                {
                    "margin_from_winner": 0,
                    "raw_time": "5:02.1",
                    "school": "Duxbury"
                },
                {
                    "margin_from_winner": 5.2,
                    "raw_time": "5:07.3",
                    "school": "Hingham"
                }
            ],
            "varsity_index": "2"
        },
        {
            "class": "eights",
            "gender": "girls",
            "results": [
                {
                    "margin_from_winner": 0,
                    "raw_time": "5:07.2",
                    "school": "Duxbury"
                },
                {
                    "margin_from_winner": 6.6,
                    "raw_time": "5:13.8",
                    "school": "Hingham"
                }
            ],
            "varsity_index": "3"
        },
        {
            "class": "eights",
            "gender": "girls",
            "results": [
                {
                    "margin_from_winner": 0,
                    "raw_time": "5:35.7",
                    "school": "Hingham"
                },
                {
                    "margin_from_winner": 17.5,
                    "raw_time": "5:53.2",
                    "school": "Duxbury"
                }
            ],
            "varsity_index": "4"
        }
    ],
    "regatta_display_name": "NEIRA Boys & Girls Eights,Duxbury & Hingham- Salty Bow Sprints",
    "url": "https://www.row2k.com/results/resultspage.cfm?UID=A896173779E41916731A3CD63A0AB4BC&cat=5"
}