{
    "comment": "\nDistance: 1250m Conditions: Moderate cross / head wind - 15-18mph Comments: BC High 2V raced \"up\" in the 1V race and BC High 3V and 4V raced Boston Latin 2V. Thank you to Boston Latin for a great morning of racing in blustery conditions.\n\nNone",
    "day": "2024-04-13",
    "heats": [
        {
            "class": "eights",
            "gender": "boys",
            "results": [
                {
                    "margin_from_winner": 0,
                    "raw_time": "3:56.0",
                    "school": "BC High"
                },
                {
                    "margin_from_winner": 16.4,
                    "raw_time": "4:12.4",
                    "school": "Boston Latin"
                }
            ],
            "varsity_index": "1"
        }
    ],
    "regatta_display_name": "NEIRA Boys Eights,Boston Latin vs BC High",
    "url": "https://www.row2k.com/results/resultspage.cfm?UID=AA10DB138EF147F33AE358373C69E040&cat=1"
}