{
    "comment": "\nDistance: 1500 Conditions: Boys Varsity 1- strong tail current, S winds at 3 mph, moderate chop\nGirls Varsity 2- strong tail current, winds at 5 mph, significant chop\nBoys Varsity 2- strong tail current, wind gusts at 18 mph, significant chop\n\nNone",
    "day": "2024-04-17",
    "heats": [
        {
            "class": "fours",
            "gender": "boys",
            "results": [
                {
                    "margin_from_winner": 0,
                    "raw_time": "5:12.2",
                    "school": "Middletown"
                },
                {
                    "margin_from_winner": 8.6,
                    "raw_time": "5.20.8",
                    "school": "Suffield"
                }
            ],
            "varsity_index": "1"
        },
        {
            "class": "fours",
            "gender": "boys",
            "results": [
                {
                    "margin_from_winner": 0,
                    "raw_time": "6.10.9",
                    "school": "Middletown"
                },
                {
                    "margin_from_winner": 21.0,
                    "raw_time": "6:31.9",
                    "school": "Suffield"
                }
            ],
            "varsity_index": "2"
        },
        {
            "class": "fours",
            "gender": "boys",
            "results": [
                {
                    "margin_from_winner": 0,
                    "raw_time": "5:41.3",
                    "school": "Middletown"
                },
                {
                    "margin_from_winner": 50.9,
                    "raw_time": "6:32.2",
                    "school": "Suffield"
                }
            ],
            "varsity_index": "3"
        }
    ],
    "regatta_display_name": "NEIRA Boys Fours,Suffield Academy and Middletown",
    "url": "https://www.row2k.com/results/resultspage.cfm?UID=AC683D5136F31AD9F0E016CDFC3F0E3D&cat=1"
}