{
    "comment": "\nDistance: 1300m Conditions: light winds, great water! Comments: In the 3V8 race, Belmont Hill was ahead but drifted into Exeter's lane after the River Street bridge, forcing Exeter to alter their course. The race was finished, but then re-rowed upstream with the crews going through different arches and the course shortened to approx 1200 meters.\nA great day of racing between the two schools -- thanks to Exeter for making the trip down!\n\nNone",
    "day": "2024-04-27",
    "heats": [],
    "regatta_display_name": "NEIRA Boys Eights,Belmont Hill vs Exeter, lower boats",
    "url": "https://www.row2k.com/results/resultspage.cfm?UID=AFA0BDBA7E1FC4103BD3B48DDF77C9D9&cat=1"
}