{
    "comment": "\nDistance: 1650 Conditions: Strong following current.Variable 15-20mph cross tailwind gusting to 30mph. Comments: Times should not be compared given the strong current and floating start. In the boys' third boat, times were not taken but margins were recorded - the margin is recorded as time from the winning crew.\nAndover wins the Perry and Brown Trophy (Boys' 1st boat) and Kent wins the Hart Perry Cup (Girls' 1st boat).\nThank you to Kent for making the long drive and a great day of racing.\n\nNone",
    "day": "2024-04-13",
    "heats": [
        {
            "class": "eights",
            "gender": "boys",
            "results": [
                {
                    "margin_from_winner": 0,
                    "raw_time": "4:07.5",
                    "school": "Andover"
                },
                {
                    "margin_from_winner": 3.0,
                    "raw_time": "4:10.5",
                    "school": "Kent"
                }
            ],
            "varsity_index": "1"
        },
        {
            "class": "eights",
            "gender": "boys",
            "results": [
                {
                    "margin_from_winner": 0,
                    "raw_time": "4:10.7",
                    "school": "Kent"
                },
                {
                    "margin_from_winner": 1.8,
                    "raw_time": "4:12.5",
                    "school": "Andover"
                }
            ],
            "varsity_index": "2"
        },
        {
            "class": "eights",
            "gender": "boys",
            "results": [
                {
                    "margin_from_winner": 0,
                    "raw_time": "",
                    "school": "Andover"
                },
                {
                    "margin_from_winner": 8.3,
                    "raw_time": "+8.3",
                    "school": "Kent"
                }
            ],
            "varsity_index": "3"
        },
        {
            "class": "eights",
            "gender": "girls",
            "results": [
                {
                    "margin_from_winner": 0,
                    "raw_time": "4:34.7",
                    "school": "Kent"
                },
                {
                    "margin_from_winner": 5.0,
                    "raw_time": "4:39.7",
                    "school": "Andover"
                }
            ],
            "varsity_index": "1"
        },
        {
            "class": "eights",
            "gender": "girls",
            "results": [
                {
                    "margin_from_winner": 0,
                    "raw_time": "4:47.0",
                    "school": "Andover"
                },
                {
                    "margin_from_winner": 3.9,
                    "raw_time": "4:50.9",
                    "school": "Kent"
                }
            ],
            "varsity_index": "2"
        },
        {
            "class": "eights",
            "gender": "girls",
            "results": [
                {
                    "margin_from_winner": 0,
                    "raw_time": "5:04.6",
                    "school": "Andover"
                },
                {
                    "margin_from_winner": 2.4,
                    "raw_time": "5:07.0",
                    "school": "Kent"
                }
            ],
            "varsity_index": "3"
        }
    ],
    "regatta_display_name": "NEIRA,Andover, Kent School",
    "url": "https://www.row2k.com/results/resultspage.cfm?UID=B22AAA979AF5CD66BC6FB376321A25A4&cat=5"
}