{
    "comment": "\nDistance: 1250 Conditions: Powerhouse stretch done upstream with a very strong tailwind. Thank you to Brookline for racing us last minute!\n\nNone",
    "day": "2024-05-14",
    "heats": [
        {
            "class": "eights",
            "gender": "girls",
            "results": [
                {
                    "margin_from_winner": 0,
                    "raw_time": "4:13.5",
                    "school": "Boston Latin"
                },
                {
                    "margin_from_winner": 1.5,
                    "raw_time": "4:15.0",
                    "school": "Brookline"
                }
            ],
            "varsity_index": "1"
        }
    ],
    "regatta_display_name": "NEIRA Girls Eights, Boston Latin vs. Brookline High School",
    "url": "https://www.row2k.com/results/resultspage.cfm?UID=B71027EBD718FC6F89A5C381FC91E068&cat=1"
}