{
    "comment": "\nDistance: 1350 M Conditions: 2V race slight crossing head wind\nPretty neutral for the 1V Comments: A bit chilly but good conditions, well done by all boats. Thanks to Lincoln and Bay View for making the trip.\n\nNone",
    "day": "2024-05-11",
    "heats": [
        {
            "class": "fours",
            "gender": "girls",
            "results": [
                {
                    "margin_from_winner": 0,
                    "raw_time": "5:03.1",
                    "school": "BB&N"
                },
                {
                    "margin_from_winner": 17.1,
                    "raw_time": "5:20.2",
                    "school": "St. Mary Academy-Bay View"
                },
                {
                    "margin_from_winner": 29.8,
                    "raw_time": "5:32.9",
                    "school": "Lincoln"
                }
            ],
            "varsity_index": "1"
        },
        {
            "class": "fours",
            "gender": "girls",
            "results": [
                {
                    "margin_from_winner": 0,
                    "raw_time": "5:11.1",
                    "school": "BB&N"
                },
                {
                    "margin_from_winner": 36.3,
                    "raw_time": "5:47.4",
                    "school": "Lincoln"
                },
                {
                    "margin_from_winner": 61.9,
                    "raw_time": "6:13.0",
                    "school": "St. Mary Academy-Bay View"
                }
            ],
            "varsity_index": "2"
        }
    ],
    "regatta_display_name": "NEIRA, BB&N, Bay View, Lincoln",
    "url": "https://www.row2k.com/results/resultspage.cfm?UID=BA150C07F46A8CF05BDF8F6CF54794E7&cat=1"
}