{
    "comment": "\nDistance: 1400 Conditions: extremely chop for the race. Current increased throughout the day; pushing boats to starboard. Because of the wind, we started all races via floating, quick starts Comments: Thank you to Berwick Academy for coming down and racing!\n\nNone",
    "day": "2024-05-11",
    "heats": [
        {
            "class": "fours",
            "gender": "boys",
            "results": [
                {
                    "margin_from_winner": 0,
                    "raw_time": "4:53.1",
                    "school": "Berwick"
                },
                {
                    "margin_from_winner": 40.3,
                    "raw_time": "5:33.4",
                    "school": "Medford"
                }
            ],
            "varsity_index": "1"
        },
        {
            "class": "fours",
            "gender": "boys",
            "results": [
                {
                    "margin_from_winner": 0,
                    "raw_time": "5:36.25",
                    "school": "Berwick"
                },
                {
                    "margin_from_winner": 74.0,
                    "raw_time": "6:50.25",
                    "school": "Medford"
                }
            ],
            "varsity_index": "2"
        },
        {
            "class": "fours",
            "gender": "boys",
            "results": [
                {
                    "margin_from_winner": 0,
                    "raw_time": "5:22.72",
                    "school": "Berwick"
                },
                {
                    "margin_from_winner": 3.79,
                    "raw_time": "5:26.51",
                    "school": "Medford"
                }
            ],
            "varsity_index": "3"
        },
        {
            "class": "fours",
            "gender": "boys",
            "results": [
                {
                    "margin_from_winner": 0,
                    "raw_time": "5:59.7",
                    "school": "Berwick"
                },
                {
                    "margin_from_winner": 12.9,
                    "raw_time": "6:12.6",
                    "school": "Medford"
                }
            ],
            "varsity_index": "4"
        }
    ],
    "regatta_display_name": "NEIRA, Medford High School and Berwick Academy",
    "url": "https://www.row2k.com/results/resultspage.cfm?UID=BAA317D9E8DD93E01874D25E90000546&cat=1"
}