{
    "comment": "\nDistance: 1300 Conditions: Conditions the same for all races. Flat, no wind, no chop. Comments: Lincoln 2V4+ had a breakage and could not finish initial race with NCDS and Bayview so raced afterwards against the NCDS 3V4+ and 4V4+.\n\nNone",
    "day": "2024-04-20",
    "heats": [
        {
            "class": "fours",
            "gender": "girls",
            "results": [
                {
                    "margin_from_winner": 0,
                    "raw_time": "5:40",
                    "school": "Newton Country Day"
                },
                {
                    "margin_from_winner": 17.0,
                    "raw_time": "5:57",
                    "school": "Lincoln"
                },
                {
                    "margin_from_winner": 21.0,
                    "raw_time": "6:01",
                    "school": "St. Mary Academy-Bay View"
                }
            ],
            "varsity_index": "1"
        },
        {
            "class": "fours",
            "gender": "girls",
            "results": [
                {
                    "margin_from_winner": 0,
                    "raw_time": "5:55",
                    "school": "Newton Country Day"
                },
                {
                    "margin_from_winner": 83.0,
                    "raw_time": "7:18",
                    "school": "St. Mary Academy-Bay View"
                }
            ],
            "varsity_index": "2"
        }
    ],
    "regatta_display_name": "NEIRA Girls Fours,Newton Country Day, St. Mary Academy-Bayview, Lincoln School",
    "url": "https://www.row2k.com/results/resultspage.cfm?UID=C1541F9124E2FBBF81B1F9CADE55D186&cat=1"
}