{
    "comment": "\nDistance: 1202 Conditions: Down Stream, Moderate Rain and no wind. Stake boat starts Comments: In the Boys 2nd boat 4\u2019s event. Middletown was in the lead until veered way off course and almost hit land. Had to stop readjust and then continued to race.\nThank you to Middletown, Lewis Mills, and Avon for coming to the Middle of the Farmington. It was raced on our new and improved 1202 meter stake boat course\n\nNone",
    "day": "2024-05-05",
    "heats": [],
    "regatta_display_name": "NEIRA Boys & Girls Fours,Middle of Farmington: Avon, Lewis Mills, Middletown",
    "url": "https://www.row2k.com/results/resultspage.cfm?UID=C1C545D0E544DFC8DBE44844DC4FC9EE&cat=5"
}