{
    "comment": "\nDistance: 1500m Conditions: Variable light headwind with flat water. Comments: Thank you BB&N for a good afternoon of racing!\n\nNone",
    "day": "2024-05-04",
    "heats": [
        {
            "class": "fours",
            "gender": "boys",
            "results": [
                {
                    "margin_from_winner": 0,
                    "raw_time": "5:09.4",
                    "school": "Middlesex"
                },
                {
                    "margin_from_winner": 5.1,
                    "raw_time": "5:14.5",
                    "school": "BB&N"
                }
            ],
            "varsity_index": "1"
        },
        {
            "class": "fours",
            "gender": "boys",
            "results": [
                {
                    "margin_from_winner": 0,
                    "raw_time": "5:24.4",
                    "school": "BB&N"
                },
                {
                    "margin_from_winner": 21.4,
                    "raw_time": "5:45.8",
                    "school": "Middlesex"
                }
            ],
            "varsity_index": "2"
        },
        {
            "class": "fours",
            "gender": "boys",
            "results": [
                {
                    "margin_from_winner": 0,
                    "raw_time": "5:29.0",
                    "school": "BB&N"
                },
                {
                    "margin_from_winner": 26.2,
                    "raw_time": "5:55.2",
                    "school": "Middlesex"
                }
            ],
            "varsity_index": "3"
        },
        {
            "class": "fours",
            "gender": "boys",
            "results": [
                {
                    "margin_from_winner": 0,
                    "raw_time": "5:52.4",
                    "school": "BB&N"
                },
                {
                    "margin_from_winner": 25.1,
                    "raw_time": "6:17.5",
                    "school": "Middlesex"
                }
            ],
            "varsity_index": "4"
        }
    ],
    "regatta_display_name": "NEIRA Boys Fours,Middlesex vs. BB&N",
    "url": "https://www.row2k.com/results/resultspage.cfm?UID=C38D2219403C5AD1A2866DA2111E888A&cat=1"
}