{
    "comment": "\nDistance: 1500 M Conditions: Flat water; light, variable headwind in first 1000 meters, then calm. Comments: B3: Taft left their lane, interfered with Berkshire, then corrected, but then crossed Choate's lane in the last 250 M. Did not change placement, but Berkshire's margin over Choate might have been larger without the interference.\nThanks to Taft and Choate for some great racing in ideal conditions.\n\nNone",
    "day": "2024-04-20",
    "heats": [
        {
            "class": "fours",
            "gender": "boys",
            "results": [
                {
                    "margin_from_winner": 0,
                    "raw_time": "5:06.15",
                    "school": "Berkshire Academy"
                },
                {
                    "margin_from_winner": 7.95,
                    "raw_time": "5:14.10",
                    "school": "Taft"
                },
                {
                    "margin_from_winner": 11.15,
                    "raw_time": "5:17.30",
                    "school": "Choate"
                }
            ],
            "varsity_index": "1"
        },
        {
            "class": "fours",
            "gender": "boys",
            "results": [
                {
                    "margin_from_winner": 0,
                    "raw_time": "5:26.40",
                    "school": "Taft"
                },
                {
                    "margin_from_winner": 2.55,
                    "raw_time": "5:28.95",
                    "school": "Berkshire Academy"
                },
                {
                    "margin_from_winner": 14.56,
                    "raw_time": "5:40.96",
                    "school": "Choate"
                }
            ],
            "varsity_index": "2"
        },
        {
            "class": "fours",
            "gender": "boys",
            "results": [
                {
                    "margin_from_winner": 0,
                    "raw_time": "5:59.50",
                    "school": "Taft"
                },
                {
                    "margin_from_winner": 3.66,
                    "raw_time": "6:03.16",
                    "school": "Berkshire Academy"
                },
                {
                    "margin_from_winner": 13.59,
                    "raw_time": "6:13.09",
                    "school": "Choate"
                }
            ],
            "varsity_index": "3"
        },
        {
            "class": "fours",
            "gender": "boys",
            "results": [
                {
                    "margin_from_winner": 0,
                    "raw_time": "5:59.0",
                    "school": "Taft"
                },
                {
                    "margin_from_winner": 39.33,
                    "raw_time": "6:38.33",
                    "school": "Berkshire Academy"
                }
            ],
            "varsity_index": "4"
        },
        {
            "class": "fours",
            "gender": "girls",
            "results": [
                {
                    "margin_from_winner": 0,
                    "raw_time": "5:45.66",
                    "school": "Choate"
                },
                {
                    "margin_from_winner": 4.36,
                    "raw_time": "5:50.02",
                    "school": "Taft"
                },
                {
                    "margin_from_winner": 17.23,
                    "raw_time": "6:02.89",
                    "school": "Berkshire Academy"
                }
            ],
            "varsity_index": "1"
        },
        {
            "class": "fours",
            "gender": "girls",
            "results": [
                {
                    "margin_from_winner": 0,
                    "raw_time": "5:58.50",
                    "school": "Taft"
                },
                {
                    "margin_from_winner": 0.21,
                    "raw_time": "5:58.71",
                    "school": "Choate"
                },
                {
                    "margin_from_winner": 47.43,
                    "raw_time": "6:45.93",
                    "school": "Berkshire Academy"
                }
            ],
            "varsity_index": "2"
        },
        {
            "class": "fours",
            "gender": "girls",
            "results": [
                {
                    "margin_from_winner": 0,
                    "raw_time": "6:12.96",
                    "school": "Choate"
                },
                {
                    "margin_from_winner": 18.92,
                    "raw_time": "6:31.88",
                    "school": "Taft"
                },
                {
                    "margin_from_winner": 65.58,
                    "raw_time": "7:18.54",
                    "school": "Berkshire Academy"
                }
            ],
            "varsity_index": "3"
        }
    ],
    "regatta_display_name": "NEIRA Boys & Girls Fours,Berkshire v. Taft & Choate",
    "url": "https://www.row2k.com/results/resultspage.cfm?UID=CADB8564A7D0BE142DB6C47B0EED613F&cat=5"
}