{
    "comment": "\nDistance: 1650 Conditions: Variable headwind at 10mph gusting to 20mph against the current. Choppy conditions on parts of the course. Floating start. Times should not be compared. Comments: In the B1 race, Exeter hit the turn buoy 500m into the race.\nIn the B5 race, Exeter cut the turn buoy. It did not change the final outcome of the race.\nIn the G3 race, Exeter caught a boat-stopping crab 5 minutes into the race that impeded Andover's progress and impacted the final margin. Coaches will reach out to seeding committee.\nIn the G6 race, both Andover and Exeter cut the turn buoy.\nCongratulations to Andover for winning the David Swift Trophy for combined boys and girls points (Andover 36, Exeter 32, Tabor 9). Thanks to Exeter and Tabor coaches and crews for making the trip.\n\nNone",
    "day": "2024-05-11",
    "heats": [
        {
            "class": "eights",
            "gender": "boys",
            "results": [
                {
                    "margin_from_winner": 0,
                    "raw_time": "4:41.3",
                    "school": "Andover"
                },
                {
                    "margin_from_winner": 7.8,
                    "raw_time": "4:49.1",
                    "school": "Exeter"
                },
                {
                    "margin_from_winner": 28.7,
                    "raw_time": "5:10.0",
                    "school": "Tabor"
                }
            ],
            "varsity_index": "1"
        },
        {
            "class": "eights",
            "gender": "boys",
            "results": [
                {
                    "margin_from_winner": 0,
                    "raw_time": "4:52.7",
                    "school": "Andover"
                },
                {
                    "margin_from_winner": 2.1,
                    "raw_time": "4:54.8",
                    "school": "Exeter"
                },
                {
                    "margin_from_winner": 24.5,
                    "raw_time": "5:17.2",
                    "school": "Tabor"
                }
            ],
            "varsity_index": "2"
        },
        {
            "class": "eights",
            "gender": "boys",
            "results": [
                {
                    "margin_from_winner": 0,
                    "raw_time": "5:08.6",
                    "school": "Exeter"
                },
                {
                    "margin_from_winner": 5.7,
                    "raw_time": "5:14.3",
                    "school": "Andover"
                },
                {
                    "margin_from_winner": 51.0,
                    "raw_time": "5:59.6",
                    "school": "Tabor"
                }
            ],
            "varsity_index": "3"
        },
        {
            "class": "eights",
            "gender": "boys",
            "results": [
                {
                    "margin_from_winner": 0,
                    "raw_time": "5:11.7",
                    "school": "Andover"
                },
                {
                    "margin_from_winner": 39.1,
                    "raw_time": "5:50.8",
                    "school": "Exeter"
                }
            ],
            "varsity_index": "4"
        },
        {
            "class": "eights",
            "gender": "boys",
            "results": [
                {
                    "margin_from_winner": 0,
                    "raw_time": "5:22.1",
                    "school": "Andover"
                },
                {
                    "margin_from_winner": 33.6,
                    "raw_time": "5:55.7",
                    "school": "Exeter"
                },
                {
                    "margin_from_winner": 44.2,
                    "raw_time": "6:06.3",
                    "school": "Tabor"
                }
            ],
            "varsity_index": "5"
        },
        {
            "class": "eights",
            "gender": "boys",
            "results": [
                {
                    "margin_from_winner": 0,
                    "raw_time": "5:51.0",
                    "school": "Andover"
                },
                {
                    "margin_from_winner": 34.1,
                    "raw_time": "6:25.1",
                    "school": "Exeter"
                }
            ],
            "varsity_index": "6"
        },
        {
            "class": "eights",
            "gender": "girls",
            "results": [
                {
                    "margin_from_winner": 0,
                    "raw_time": "5:10.8",
                    "school": "Exeter"
                },
                {
                    "margin_from_winner": 10.2,
                    "raw_time": "5:21.0",
                    "school": "Andover"
                },
                {
                    "margin_from_winner": 36.1,
                    "raw_time": "5:46.9",
                    "school": "Tabor"
                }
            ],
            "varsity_index": "1"
        },
        {
            "class": "eights",
            "gender": "girls",
            "results": [
                {
                    "margin_from_winner": 0,
                    "raw_time": "5:25.3",
                    "school": "Andover"
                },
                {
                    "margin_from_winner": 12.2,
                    "raw_time": "5:37.5",
                    "school": "Exeter"
                },
                {
                    "margin_from_winner": 46.5,
                    "raw_time": "6:11.8",
                    "school": "Tabor"
                }
            ],
            "varsity_index": "2"
        },
        {
            "class": "eights",
            "gender": "girls",
            "results": [
                {
                    "margin_from_winner": 0,
                    "raw_time": "6:19.8",
                    "school": "Exeter"
                },
                {
                    "margin_from_winner": 11.1,
                    "raw_time": "6:30.9",
                    "school": "Andover"
                }
            ],
            "varsity_index": "3"
        },
        {
            "class": "eights",
            "gender": "girls",
            "results": [
                {
                    "margin_from_winner": 0,
                    "raw_time": "5:59.0",
                    "school": "Andover"
                },
                {
                    "margin_from_winner": 17.9,
                    "raw_time": "6:16.9",
                    "school": "Exeter"
                },
                {
                    "margin_from_winner": 56.1,
                    "raw_time": "6:55.1",
                    "school": "Tabor"
                }
            ],
            "varsity_index": "4"
        },
        {
            "class": "eights",
            "gender": "girls",
            "results": [
                {
                    "margin_from_winner": 0,
                    "raw_time": "5:30.8",
                    "school": "Andover"
                },
                {
                    "margin_from_winner": 15.0,
                    "raw_time": "5:45.8",
                    "school": "Exeter"
                }
            ],
            "varsity_index": "5"
        },
        {
            "class": "eights",
            "gender": "girls",
            "results": [
                {
                    "margin_from_winner": 0,
                    "raw_time": "6:46.0",
                    "school": "Andover"
                },
                {
                    "margin_from_winner": 2.7,
                    "raw_time": "6:48.7",
                    "school": "Exeter"
                }
            ],
            "varsity_index": "6"
        }
    ],
    "regatta_display_name": "NEIRA Boys & Girls Eights,Andover vs. Exeter and Tabor",
    "url": "https://www.row2k.com/results/resultspage.cfm?UID=CE9A78865DBB574BE91CDCB35036750C&cat=5"
}