{
    "comment": "\nDistance: 1225 m. Conditions: Very little current. Flat water. Beginning with the second boats, a slight amount of headwind. Race order G4, B4, G3, B3, G2, B2, G1, B1 Comments: Great racing conditions and great racing by the crews.\nIn the G2, the start was strokes on the line instead of bow balls.\nThank you CRLS for an excellent afternoon.\n\nNone",
    "day": "2024-05-04",
    "heats": [
        {
            "class": "fours",
            "gender": "boys",
            "results": [
                {
                    "margin_from_winner": 0,
                    "raw_time": "3:57.7",
                    "school": "Groton"
                },
                {
                    "margin_from_winner": 9.5,
                    "raw_time": "4:07.2",
                    "school": "Cambridge RLS"
                }
            ],
            "varsity_index": "1"
        },
        {
            "class": "fours",
            "gender": "boys",
            "results": [
                {
                    "margin_from_winner": 0,
                    "raw_time": "4:08.4",
                    "school": "Groton"
                },
                {
                    "margin_from_winner": 12.0,
                    "raw_time": "4:20.4",
                    "school": "Cambridge RLS"
                }
            ],
            "varsity_index": "2"
        },
        {
            "class": "fours",
            "gender": "boys",
            "results": [
                {
                    "margin_from_winner": 0,
                    "raw_time": "4:09.5",
                    "school": "Groton"
                },
                {
                    "margin_from_winner": 8.4,
                    "raw_time": "4:17.9",
                    "school": "Cambridge RLS"
                }
            ],
            "varsity_index": "3"
        },
        {
            "class": "fours",
            "gender": "boys",
            "results": [
                {
                    "margin_from_winner": 0,
                    "raw_time": "4:20.7",
                    "school": "Groton"
                },
                {
                    "margin_from_winner": 10.1,
                    "raw_time": "4:30.8",
                    "school": "Cambridge RLS"
                }
            ],
            "varsity_index": "4"
        },
        {
            "class": "fours",
            "gender": "girls",
            "results": [
                {
                    "margin_from_winner": 0,
                    "raw_time": "4:19.5",
                    "school": "Cambridge RLS"
                },
                {
                    "margin_from_winner": 4.0,
                    "raw_time": "4:23.5",
                    "school": "Groton"
                }
            ],
            "varsity_index": "1"
        },
        {
            "class": "fours",
            "gender": "girls",
            "results": [
                {
                    "margin_from_winner": 0,
                    "raw_time": "4:20.1",
                    "school": "Groton"
                },
                {
                    "margin_from_winner": 10.5,
                    "raw_time": "4:30.6",
                    "school": "Cambridge RLS"
                }
            ],
            "varsity_index": "2"
        },
        {
            "class": "fours",
            "gender": "girls",
            "results": [
                {
                    "margin_from_winner": 0,
                    "raw_time": "4:37.0",
                    "school": "Groton"
                },
                {
                    "margin_from_winner": 3.6,
                    "raw_time": "4:40.6",
                    "school": "Cambridge RLS"
                }
            ],
            "varsity_index": "3"
        },
        {
            "class": "fours",
            "gender": "girls",
            "results": [
                {
                    "margin_from_winner": 0,
                    "raw_time": "4:51.0",
                    "school": "Groton"
                },
                {
                    "margin_from_winner": 19.2,
                    "raw_time": "5:10.2",
                    "school": "Cambridge RLS"
                }
            ],
            "varsity_index": "4"
        }
    ],
    "regatta_display_name": "NEIRA,Cambridge Rindge and Latin HS at Groton",
    "url": "https://www.row2k.com/results/resultspage.cfm?UID=CF11D4E6381F0019C765544CCA920DEE&cat=5"
}