{
    "comment": "\nDistance: 1400m Conditions: Variable, moderate headwind; outgoing tide; some mild chop, especially in the first 1000m.\n2V and 3V races started about a length below the starting line. Comments: Thank you to Deerfield for making the trip!\n\nNone",
    "day": "2024-04-20",
    "heats": [
        {
            "class": "eights",
            "gender": "boys",
            "results": [
                {
                    "margin_from_winner": 0,
                    "raw_time": "4:34.0",
                    "school": "Brunswick"
                },
                {
                    "margin_from_winner": 1.0,
                    "raw_time": "4:35.0",
                    "school": "Deerfield"
                }
            ],
            "varsity_index": "1"
        },
        {
            "class": "eights",
            "gender": "boys",
            "results": [
                {
                    "margin_from_winner": 0,
                    "raw_time": "4:38.57",
                    "school": "Deerfield"
                },
                {
                    "margin_from_winner": 15.94,
                    "raw_time": "4:54.51",
                    "school": "Brunswick"
                }
            ],
            "varsity_index": "2"
        },
        {
            "class": "eights",
            "gender": "boys",
            "results": [
                {
                    "margin_from_winner": 0,
                    "raw_time": "5:03.00",
                    "school": "Deerfield"
                },
                {
                    "margin_from_winner": 5.55,
                    "raw_time": "5:08.55",
                    "school": "Brunswick"
                }
            ],
            "varsity_index": "3"
        }
    ],
    "regatta_display_name": "NEIRA Boys Eights,Brunswick vs. Deerfield",
    "url": "https://www.row2k.com/results/resultspage.cfm?UID=D2A9D155DC23371178BEBD4E183720CB&cat=1"
}