{
    "comment": "\nDistance: 1500m Conditions: Mixed wind conditions. Girls races mostly tail, boys races some headwind, but tide with race. Choppy. Comments: Novice boys race was a little under 1000m.\nThank you to Glastonbury for making the trip to Mystic!\n\nNone",
    "day": "2024-05-11",
    "heats": [
        {
            "class": "eights",
            "gender": "boys",
            "results": [
                {
                    "margin_from_winner": 0,
                    "raw_time": "4:37.2",
                    "school": "Stonington"
                },
                {
                    "margin_from_winner": 9.9,
                    "raw_time": "4:47.1",
                    "school": "Glastonbury"
                }
            ],
            "varsity_index": "1"
        },
        {
            "class": "eights",
            "gender": "boys",
            "results": [
                {
                    "margin_from_winner": 0,
                    "raw_time": "4:59.1",
                    "school": "Stonington"
                },
                {
                    "margin_from_winner": 13.7,
                    "raw_time": "5:12.8",
                    "school": "Glastonbury"
                }
            ],
            "varsity_index": "2"
        },
        {
            "class": "eights",
            "gender": "boys",
            "results": [
                {
                    "margin_from_winner": 0,
                    "raw_time": "5:28.4",
                    "school": "Stonington"
                },
                {
                    "margin_from_winner": 20.1,
                    "raw_time": "5:48.5",
                    "school": "Glastonbury"
                }
            ],
            "varsity_index": "3"
        },
        {
            "class": "eights",
            "gender": "girls",
            "results": [
                {
                    "margin_from_winner": 0,
                    "raw_time": "5:08.2",
                    "school": "Glastonbury"
                },
                {
                    "margin_from_winner": 13.3,
                    "raw_time": "5:21.5",
                    "school": "Stonington"
                }
            ],
            "varsity_index": "1"
        },
        {
            "class": "eights",
            "gender": "girls",
            "results": [
                {
                    "margin_from_winner": 0,
                    "raw_time": "5:37.1",
                    "school": "Glastonbury"
                },
                {
                    "margin_from_winner": 4.8,
                    "raw_time": "5:41.9",
                    "school": "Stonington"
                }
            ],
            "varsity_index": "2"
        }
    ],
    "regatta_display_name": "NEIRA Boys & Girls Eights,Stonington and Glastonbury",
    "url": "https://www.row2k.com/results/resultspage.cfm?UID=D2EE4E8D54A4D818D1F0963204EA62B0&cat=5"
}