{
    "comment": "\nDistance: 1500M Conditions: Very light wind, perhaps slight crossing WSW tail at times of no more than 5MPH. Conditions similar throughout. No current. Comments: Race order: B4, B3, B2, B1. Thanks to BH, NMH, and Hopkins for a great day of racing.\n\nNone",
    "day": "2024-04-20",
    "heats": [
        {
            "class": "fours",
            "gender": "boys",
            "results": [
                {
                    "margin_from_winner": 0,
                    "raw_time": "4:59.1",
                    "school": "Belmont Hill"
                },
                {
                    "margin_from_winner": 6.4,
                    "raw_time": "5:05.5",
                    "school": "Hopkins"
                },
                {
                    "margin_from_winner": 10.2,
                    "raw_time": "5:09.3",
                    "school": "NMH"
                },
                {
                    "margin_from_winner": 15.7,
                    "raw_time": "5:14.8",
                    "school": "Pomfret"
                }
            ],
            "varsity_index": "1"
        },
        {
            "class": "fours",
            "gender": "boys",
            "results": [
                {
                    "margin_from_winner": 0,
                    "raw_time": "5:12.2",
                    "school": "Belmont Hill"
                },
                {
                    "margin_from_winner": 3.0,
                    "raw_time": "5:15.2",
                    "school": "NMH"
                },
                {
                    "margin_from_winner": 23.4,
                    "raw_time": "5:35.6",
                    "school": "Hopkins"
                },
                {
                    "margin_from_winner": 25.8,
                    "raw_time": "5:38.0",
                    "school": "Pomfret"
                }
            ],
            "varsity_index": "2"
        },
        {
            "class": "fours",
            "gender": "boys",
            "results": [
                {
                    "margin_from_winner": 0,
                    "raw_time": "5:17.2",
                    "school": "Belmont Hill"
                },
                {
                    "margin_from_winner": 37.0,
                    "raw_time": "5:54.2",
                    "school": "NMH"
                },
                {
                    "margin_from_winner": 48.5,
                    "raw_time": "6:05.7",
                    "school": "Pomfret"
                },
                {
                    "margin_from_winner": 61.7,
                    "raw_time": "6:18.9",
                    "school": "Hopkins"
                }
            ],
            "varsity_index": "3"
        },
        {
            "class": "fours",
            "gender": "boys",
            "results": [
                {
                    "margin_from_winner": 0,
                    "raw_time": "5:21.9",
                    "school": "Belmont Hill"
                },
                {
                    "margin_from_winner": 37.7,
                    "raw_time": "5:59.6",
                    "school": "NMH"
                },
                {
                    "margin_from_winner": 47.1,
                    "raw_time": "6:09.0",
                    "school": "Pomfret"
                },
                {
                    "margin_from_winner": 67.1,
                    "raw_time": "6:29.0",
                    "school": "Hopkins"
                }
            ],
            "varsity_index": "4"
        }
    ],
    "regatta_display_name": "NEIRA Boys ,Pomfret v. Belmont Hill, Northfield Mt. Hermon, Hopkins",
    "url": "https://www.row2k.com/results/resultspage.cfm?UID=D6B986013DA22E26BC236F424721DEE8&cat=1"
}