{
    "comment": "\nDistance: 1500 Meters Conditions: Slight Headwind Comments: All races were floating starts, please do not compare time.\nBC High wins the 1V Koshivos Cup by winning races over SJ, SJ Prep and Shrewsbury. Saint John's won the 2V and 3V Koshivos Cup. Thank you to all crews for coming, it was a great day of racing!!\n\nNone",
    "day": "2024-05-05",
    "heats": [
        {
            "class": "eights",
            "gender": "boys",
            "results": [
                {
                    "margin_from_winner": 0,
                    "raw_time": "04:56.2",
                    "school": "Salisbury"
                },
                {
                    "margin_from_winner": 5.0,
                    "raw_time": "05:01.2",
                    "school": "BC High"
                },
                {
                    "margin_from_winner": 10.2,
                    "raw_time": "05:06.4",
                    "school": "St. John's Prep"
                },
                {
                    "margin_from_winner": 16.1,
                    "raw_time": "05:12.3",
                    "school": "St. John's"
                },
                {
                    "margin_from_winner": 20.0,
                    "raw_time": "05:16.2",
                    "school": "Shrewsbury"
                }
            ],
            "varsity_index": "1"
        },
        {
            "class": "eights",
            "gender": "boys",
            "results": [
                {
                    "margin_from_winner": 0,
                    "raw_time": "05:06.15",
                    "school": "St. John's"
                },
                {
                    "margin_from_winner": 1.81,
                    "raw_time": "05:07.96",
                    "school": "BC High"
                },
                {
                    "margin_from_winner": 5.65,
                    "raw_time": "05:11.8",
                    "school": "Salisbury"
                },
                {
                    "margin_from_winner": 12.16,
                    "raw_time": "05:18.31",
                    "school": "St. John's Prep"
                },
                {
                    "margin_from_winner": 23.68,
                    "raw_time": "05:29.83",
                    "school": "Shrewsbury"
                }
            ],
            "varsity_index": "2"
        },
        {
            "class": "eights",
            "gender": "boys",
            "results": [
                {
                    "margin_from_winner": 0,
                    "raw_time": "05:23.5",
                    "school": "St. John's"
                },
                {
                    "margin_from_winner": 11.2,
                    "raw_time": "05:34.7",
                    "school": "BC High"
                },
                {
                    "margin_from_winner": 22.6,
                    "raw_time": "05:46.1",
                    "school": "St. John's Prep"
                },
                {
                    "margin_from_winner": 39.4,
                    "raw_time": "06:02.9",
                    "school": "Salisbury"
                },
                {
                    "margin_from_winner": 52.1,
                    "raw_time": "06:15.6",
                    "school": "Shrewsbury"
                }
            ],
            "varsity_index": "3"
        },
        {
            "class": "eights",
            "gender": "boys",
            "results": [
                {
                    "margin_from_winner": 0,
                    "raw_time": "05:51.3",
                    "school": "St. John's"
                },
                {
                    "margin_from_winner": 11.9,
                    "raw_time": "06:03.2",
                    "school": "BC High"
                },
                {
                    "margin_from_winner": 25.9,
                    "raw_time": "06:17.2",
                    "school": "St. John's Prep"
                }
            ],
            "varsity_index": "4"
        },
        {
            "class": "eights",
            "gender": "boys",
            "results": [
                {
                    "margin_from_winner": 0,
                    "raw_time": "06:36.6",
                    "school": "St. John's"
                },
                {
                    "margin_from_winner": 14.5,
                    "raw_time": "06:51.1",
                    "school": "St. John's Prep"
                }
            ],
            "varsity_index": "5"
        }
    ],
    "regatta_display_name": "NEIRA Boys Eights, Koshivos Cup",
    "url": "https://www.row2k.com/results/resultspage.cfm?UID=D6D52D54154A8C5187F60A8C03258D60&cat=1"
}