{
    "comment": "\nDistance: 1500m Conditions: Conditions evolved from a slight headwind with flat water to a 12-15 mph cross headwind with significant chop in the middle 500m. Races were 4-3-2-1-5. Times should bet be compared between events. Comments: Thank you to our guests for our first bog day using the new facility! Good luck this season and hope to see you at NEIRAs.\n\nNone",
    "day": "2024-04-27",
    "heats": [
        {
            "class": "fours",
            "gender": "boys",
            "results": [
                {
                    "margin_from_winner": 0,
                    "raw_time": "5:37.6",
                    "school": "Brooks"
                },
                {
                    "margin_from_winner": 3.7,
                    "raw_time": "5:41.3",
                    "school": "Cambridge RLS"
                },
                {
                    "margin_from_winner": 4.0,
                    "raw_time": "5:41.6",
                    "school": "NMH"
                }
            ],
            "varsity_index": "1"
        },
        {
            "class": "fours",
            "gender": "boys",
            "results": [
                {
                    "margin_from_winner": 0,
                    "raw_time": "5:26.6",
                    "school": "NMH"
                },
                {
                    "margin_from_winner": 2.5,
                    "raw_time": "5:29.1",
                    "school": "Brooks"
                },
                {
                    "margin_from_winner": 17.8,
                    "raw_time": "5:44.4",
                    "school": "Cambridge RLS"
                }
            ],
            "varsity_index": "2"
        },
        {
            "class": "fours",
            "gender": "boys",
            "results": [
                {
                    "margin_from_winner": 0,
                    "raw_time": "5:37.6",
                    "school": "Brooks"
                },
                {
                    "margin_from_winner": 13.0,
                    "raw_time": "5:50.6",
                    "school": "NMH"
                },
                {
                    "margin_from_winner": 15.0,
                    "raw_time": "5:52.6",
                    "school": "Cambridge RLS"
                }
            ],
            "varsity_index": "3"
        },
        {
            "class": "fours",
            "gender": "boys",
            "results": [
                {
                    "margin_from_winner": 0,
                    "raw_time": "5:28.8",
                    "school": "Brooks"
                },
                {
                    "margin_from_winner": 9.7,
                    "raw_time": "5:38.5",
                    "school": "Cambridge RLS"
                },
                {
                    "margin_from_winner": 23.7,
                    "raw_time": "5:52.5",
                    "school": "NMH"
                }
            ],
            "varsity_index": "4"
        },
        {
            "class": "fours",
            "gender": "boys",
            "results": [
                {
                    "margin_from_winner": 0,
                    "raw_time": "6:39.4",
                    "school": "Brooks"
                },
                {
                    "margin_from_winner": 15.4,
                    "raw_time": "6:54.8",
                    "school": "Cambridge RLS"
                },
                {
                    "margin_from_winner": 82.6,
                    "raw_time": "8:02.0",
                    "school": "NMH"
                }
            ],
            "varsity_index": "5"
        },
        {
            "class": "fours",
            "gender": "girls",
            "results": [
                {
                    "margin_from_winner": 0,
                    "raw_time": "6:23.0",
                    "school": "Brooks"
                },
                {
                    "margin_from_winner": 12.3,
                    "raw_time": "6:35.3",
                    "school": "Cambridge RLS"
                },
                {
                    "margin_from_winner": 15.2,
                    "raw_time": "6:38.2",
                    "school": "Middlesex"
                },
                {
                    "margin_from_winner": 29.0,
                    "raw_time": "6:52.0",
                    "school": "NMH"
                }
            ],
            "varsity_index": "1"
        },
        {
            "class": "fours",
            "gender": "girls",
            "results": [
                {
                    "margin_from_winner": 0,
                    "raw_time": "6:08.9",
                    "school": "Brooks"
                },
                {
                    "margin_from_winner": 9.9,
                    "raw_time": "6:18.8",
                    "school": "NMH"
                },
                {
                    "margin_from_winner": 11.7,
                    "raw_time": "6:20.6",
                    "school": "Middlesex"
                },
                {
                    "margin_from_winner": 13.1,
                    "raw_time": "6:22.0",
                    "school": "Cambridge RLS"
                }
            ],
            "varsity_index": "2"
        },
        {
            "class": "fours",
            "gender": "girls",
            "results": [
                {
                    "margin_from_winner": 0,
                    "raw_time": "6:12.5",
                    "school": "Cambridge RLS"
                },
                {
                    "margin_from_winner": 0.9,
                    "raw_time": "6:13.4",
                    "school": "Brooks"
                },
                {
                    "margin_from_winner": 14.9,
                    "raw_time": "6:27.4",
                    "school": "Middlesex"
                },
                {
                    "margin_from_winner": 32.6,
                    "raw_time": "6:45.1",
                    "school": "NMH"
                }
            ],
            "varsity_index": "3"
        },
        {
            "class": "fours",
            "gender": "girls",
            "results": [
                {
                    "margin_from_winner": 0,
                    "raw_time": "6:22.7",
                    "school": "NMH"
                },
                {
                    "margin_from_winner": 2.5,
                    "raw_time": "6:25.2",
                    "school": "Brooks"
                },
                {
                    "margin_from_winner": 18.7,
                    "raw_time": "6:41.4",
                    "school": "Middlesex"
                },
                {
                    "margin_from_winner": 31.3,
                    "raw_time": "6:54.0",
                    "school": "Cambridge RLS"
                }
            ],
            "varsity_index": "4"
        },
        {
            "class": "fours",
            "gender": "girls",
            "results": [
                {
                    "margin_from_winner": 0,
                    "raw_time": "8:00",
                    "school": "Middlesex"
                },
                {
                    "margin_from_winner": 32.0,
                    "raw_time": "8:32.0",
                    "school": "Brooks"
                }
            ],
            "varsity_index": "5"
        }
    ],
    "regatta_display_name": "NEIRA Boys & Girls Fours,Brooks vs NMH, Middlesex and CRLS",
    "url": "https://www.row2k.com/results/resultspage.cfm?UID=DA7A1EFD458CB4B765258C3FD9635963&cat=5"
}