{
    "comment": "\nDistance: 1250m Conditions: 10mph cross/headwind, flat water, great conditions. Comments: A great morning of racing on the Charles. Thank you to the Brookline athletes and coaches.\n\nNone",
    "day": "2024-04-17",
    "heats": [
        {
            "class": "eights",
            "gender": "boys",
            "results": [
                {
                    "margin_from_winner": 0,
                    "raw_time": "3:54.1",
                    "school": "BC High"
                },
                {
                    "margin_from_winner": 8.6,
                    "raw_time": "4:02.7",
                    "school": "Brookline"
                }
            ],
            "varsity_index": "1"
        },
        {
            "class": "eights",
            "gender": "boys",
            "results": [
                {
                    "margin_from_winner": 0,
                    "raw_time": "4:01.1",
                    "school": "BC High"
                },
                {
                    "margin_from_winner": 13.0,
                    "raw_time": "4:14.1",
                    "school": "Brookline"
                }
            ],
            "varsity_index": "2"
        },
        {
            "class": "eights",
            "gender": "boys",
            "results": [
                {
                    "margin_from_winner": 0,
                    "raw_time": "4:11.9",
                    "school": "Brookline"
                },
                {
                    "margin_from_winner": 3.1,
                    "raw_time": "4:15.0",
                    "school": "BC High"
                }
            ],
            "varsity_index": "3"
        },
        {
            "class": "eights",
            "gender": "boys",
            "results": [
                {
                    "margin_from_winner": 0,
                    "raw_time": "4:50.6",
                    "school": "BC High"
                },
                {
                    "margin_from_winner": 0.6,
                    "raw_time": "4:51.2",
                    "school": "Brookline"
                }
            ],
            "varsity_index": "4"
        }
    ],
    "regatta_display_name": "NEIRA Boys Eights,Brookline vs. BC High",
    "url": "https://www.row2k.com/results/resultspage.cfm?UID=DD67470355C51F0B3378CD2B89283A3A&cat=1"
}