{
    "comment": "\nDistance: 1500 meters Conditions: Steady 10-12 mph tail/cross wind throughout the races. Minimal chop. Comments: In the BV2 event, Worcester Academy's BV2 shell placed first and BV3 shell placed second. A friendly mixed Novice 4+ was also held with Bancroft vs. Worcester Academy.\n\nNone",
    "day": "2024-04-21",
    "heats": [
        {
            "class": "fours",
            "gender": "boys",
            "results": [
                {
                    "margin_from_winner": 0,
                    "raw_time": "5:22.33",
                    "school": "Worcester Academy"
                },
                {
                    "margin_from_winner": 37.35,
                    "raw_time": "5:59.68",
                    "school": "Bancroft"
                },
                {
                    "margin_from_winner": 47.91,
                    "raw_time": "6:10.24",
                    "school": "Marianapolis Prep"
                }
            ],
            "varsity_index": "1"
        },
        {
            "class": "fours",
            "gender": "boys",
            "results": [
                {
                    "margin_from_winner": 0,
                    "raw_time": "6:19.3",
                    "school": "Worcester Academy"
                },
                {
                    "margin_from_winner": 77.6,
                    "raw_time": "7:36.9",
                    "school": "Marianapolis Prep"
                }
            ],
            "varsity_index": "2"
        },
        {
            "class": "fours",
            "gender": "girls",
            "results": [
                {
                    "margin_from_winner": 0,
                    "raw_time": "6:22.10",
                    "school": "Marianapolis Prep"
                },
                {
                    "margin_from_winner": 46.5,
                    "raw_time": "7:08.6",
                    "school": "Worcester Academy"
                }
            ],
            "varsity_index": "1"
        }
    ],
    "regatta_display_name": "NEIRA Boys & Girls Fours,Worcester Academy vs. Bancroft and Marianapolis Prep",
    "url": "https://www.row2k.com/results/resultspage.cfm?UID=DE1377E8919904D6083B1C51335B1F5A&cat=5"
}