{
    "comment": "\nDistance: 1500 Conditions: At the start, crossing tailwinds of ~10MPH. Winds shifted to a mostly tail after first 500M of ~15MPH, with occasional gusts 20 to 25. Water was choppy after the first 500M all the way to finish line. Comments: Race order: B4, B3, B5, B2, B1 (with girls' races interspersed).\nWinds made aligning starts challenging. Commendable job by aligner. B2 crews were roughly 30ft. over the line at the start. Course steering was challenging for almost all crews. Wind also affected crews as many drifted into other lanes, though no significant impediments that impacted finish order were detected.\n\nNone",
    "day": "2024-04-27",
    "heats": [
        {
            "class": "fours",
            "gender": "boys",
            "results": [
                {
                    "margin_from_winner": 0,
                    "raw_time": "5:03.1",
                    "school": "Groton"
                },
                {
                    "margin_from_winner": 3.9,
                    "raw_time": "5:07.0",
                    "school": "Pomfret"
                },
                {
                    "margin_from_winner": 11.1,
                    "raw_time": "5:14.2",
                    "school": "Taft"
                }
            ],
            "varsity_index": "1"
        },
        {
            "class": "fours",
            "gender": "boys",
            "results": [
                {
                    "margin_from_winner": 0,
                    "raw_time": "5:11.6",
                    "school": "Groton"
                },
                {
                    "margin_from_winner": 10.9,
                    "raw_time": "5:22.5",
                    "school": "Pomfret"
                },
                {
                    "margin_from_winner": 11.3,
                    "raw_time": "5:22.9",
                    "school": "Taft"
                }
            ],
            "varsity_index": "2"
        },
        {
            "class": "fours",
            "gender": "boys",
            "results": [
                {
                    "margin_from_winner": 0,
                    "raw_time": "5:19.4",
                    "school": "Groton"
                },
                {
                    "margin_from_winner": 23.1,
                    "raw_time": "5:42.5",
                    "school": "Taft"
                },
                {
                    "margin_from_winner": 33.8,
                    "raw_time": "5:53.2",
                    "school": "Pomfret"
                }
            ],
            "varsity_index": "3"
        },
        {
            "class": "fours",
            "gender": "boys",
            "results": [
                {
                    "margin_from_winner": 0,
                    "raw_time": "5:29.6",
                    "school": "Groton"
                },
                {
                    "margin_from_winner": 9.1,
                    "raw_time": "5:38.7",
                    "school": "Taft"
                },
                {
                    "margin_from_winner": 37.9,
                    "raw_time": "6:07.5",
                    "school": "Pomfret"
                }
            ],
            "varsity_index": "4"
        },
        {
            "class": "fours",
            "gender": "boys",
            "results": [
                {
                    "margin_from_winner": 0,
                    "raw_time": "5:43.3",
                    "school": "Groton"
                },
                {
                    "margin_from_winner": 26.0,
                    "raw_time": "6:09.3",
                    "school": "Pomfret"
                },
                {
                    "margin_from_winner": 29.9,
                    "raw_time": "6:13.2",
                    "school": "Taft"
                }
            ],
            "varsity_index": "5"
        }
    ],
    "regatta_display_name": "NEIRA Boys ,Pomfret v. Groton, Taft",
    "url": "https://www.row2k.com/results/resultspage.cfm?UID=DE911428BA7DE499F2D28BF6D23E48AA&cat=1"
}