{
    "comment": "\nDistance: 1500m Conditions: Light head wind and moderate tail current, consistent for all races. Comments: G1V - Buoy contact by Hingham port oars at 500m remaining. Calls from referee boat to adjust course prior\nB1V - Hingham Minor mis-stroke/crab at start. Did not warrant stoppage and did not appear to impact outcome.\n\nNone",
    "day": "2024-05-11",
    "heats": [
        {
            "class": "eights",
            "gender": "boys",
            "results": [
                {
                    "margin_from_winner": 0,
                    "raw_time": "4:26.7",
                    "school": "Hingham"
                },
                {
                    "margin_from_winner": 3.3,
                    "raw_time": "4:30.0",
                    "school": "Bedford"
                }
            ],
            "varsity_index": "1"
        },
        {
            "class": "eights",
            "gender": "boys",
            "results": [
                {
                    "margin_from_winner": 0,
                    "raw_time": "4:44.4",
                    "school": "Hingham"
                },
                {
                    "margin_from_winner": 16.6,
                    "raw_time": "5:01.0",
                    "school": "Bedford"
                }
            ],
            "varsity_index": "2"
        },
        {
            "class": "eights",
            "gender": "boys",
            "results": [
                {
                    "margin_from_winner": 0,
                    "raw_time": "4:52.1",
                    "school": "Hingham"
                },
                {
                    "margin_from_winner": 4.9,
                    "raw_time": "4:57.0",
                    "school": "Bedford"
                }
            ],
            "varsity_index": "3"
        },
        {
            "class": "eights",
            "gender": "boys",
            "results": [
                {
                    "margin_from_winner": 0,
                    "raw_time": "4:54.7",
                    "school": "Hingham"
                },
                {
                    "margin_from_winner": 23.9,
                    "raw_time": "5:18.6",
                    "school": "Bedford"
                }
            ],
            "varsity_index": "4"
        },
        {
            "class": "eights",
            "gender": "girls",
            "results": [
                {
                    "margin_from_winner": 0,
                    "raw_time": "4:55.9",
                    "school": "Bedford"
                },
                {
                    "margin_from_winner": 9.4,
                    "raw_time": "5:05.3",
                    "school": "Hingham"
                }
            ],
            "varsity_index": "1"
        },
        {
            "class": "eights",
            "gender": "girls",
            "results": [
                {
                    "margin_from_winner": 0,
                    "raw_time": "5:07.9",
                    "school": "Bedford"
                },
                {
                    "margin_from_winner": 0.9,
                    "raw_time": "5:08.8",
                    "school": "Hingham"
                }
            ],
            "varsity_index": "2"
        },
        {
            "class": "eights",
            "gender": "girls",
            "results": [
                {
                    "margin_from_winner": 0,
                    "raw_time": "5:11.2",
                    "school": "Hingham"
                },
                {
                    "margin_from_winner": 3.0,
                    "raw_time": "5:14.2",
                    "school": "Bedford"
                }
            ],
            "varsity_index": "3"
        },
        {
            "class": "eights",
            "gender": "girls",
            "results": [
                {
                    "margin_from_winner": 0,
                    "raw_time": "5:24.8",
                    "school": "Hingham"
                },
                {
                    "margin_from_winner": 23.2,
                    "raw_time": "5:48.0",
                    "school": "Bedford"
                }
            ],
            "varsity_index": "4"
        },
        {
            "class": "eights",
            "gender": "girls",
            "results": [
                {
                    "margin_from_winner": 0,
                    "raw_time": "5:27.1",
                    "school": "Hingham"
                },
                {
                    "margin_from_winner": 7.6,
                    "raw_time": "5:34.7",
                    "school": "Bedford"
                }
            ],
            "varsity_index": "5"
        }
    ],
    "regatta_display_name": "NEIRA Boys & Girls Eights,Bedford and Hingham",
    "url": "https://www.row2k.com/results/resultspage.cfm?UID=DE9CCC4F4D42BA432C08858A5086F05A&cat=5"
}