{
    "comment": "\nDistance: 1202 Conditions: Stake Boats for all races but Novice Boys. Down Stream. Head Wind 5-15 mph with worse conditions for 1V races, with 2 foots chop and 15mph Headwind. 5 mph and below for remaining races. Order of races 1VG. 1VB, 2VG, 2VB, 3VG, 3VB, NG, NB Comments: Thank you to Glastonbury to visit us at Farmington to be the first race on our lengthened stake boated course.\n\nNone",
    "day": "2024-04-28",
    "heats": [
        {
            "class": "eights",
            "gender": "boys",
            "results": [
                {
                    "margin_from_winner": 0,
                    "raw_time": "4:00.72",
                    "school": "Glastonbury"
                },
                {
                    "margin_from_winner": 8.33,
                    "raw_time": "4:09.05",
                    "school": "Farmington"
                }
            ],
            "varsity_index": "1"
        },
        {
            "class": "eights",
            "gender": "boys",
            "results": [
                {
                    "margin_from_winner": 0,
                    "raw_time": "4:08.43",
                    "school": "Farmington"
                },
                {
                    "margin_from_winner": 2.23,
                    "raw_time": "4:10.66",
                    "school": "Glastonbury"
                }
            ],
            "varsity_index": "2"
        },
        {
            "class": "eights",
            "gender": "boys",
            "results": [
                {
                    "margin_from_winner": 0,
                    "raw_time": "4:30.95",
                    "school": "Glastonbury"
                },
                {
                    "margin_from_winner": 8.62,
                    "raw_time": "4:39.57",
                    "school": "Farmington"
                }
            ],
            "varsity_index": "3"
        },
        {
            "class": "eights",
            "gender": "girls",
            "results": [
                {
                    "margin_from_winner": 0,
                    "raw_time": "4:25.11",
                    "school": "Glastonbury"
                },
                {
                    "margin_from_winner": 26.54,
                    "raw_time": "4:51.65",
                    "school": "Farmington"
                }
            ],
            "varsity_index": "1"
        },
        {
            "class": "eights",
            "gender": "girls",
            "results": [
                {
                    "margin_from_winner": 0,
                    "raw_time": "4:43.09",
                    "school": "Glastonbury"
                },
                {
                    "margin_from_winner": 10.36,
                    "raw_time": "4:53.45",
                    "school": "Farmington"
                }
            ],
            "varsity_index": "2"
        },
        {
            "class": "eights",
            "gender": "girls",
            "results": [
                {
                    "margin_from_winner": 0,
                    "raw_time": "4:56.35",
                    "school": "Glastonbury"
                },
                {
                    "margin_from_winner": 29.64,
                    "raw_time": "5:25.99",
                    "school": "Farmington"
                }
            ],
            "varsity_index": "3"
        }
    ],
    "regatta_display_name": "NEIRA Boys & Girls Eights,Farmington High School vs Glastonbury High School",
    "url": "https://www.row2k.com/results/resultspage.cfm?UID=DEEA0E3D46D09665F8C7ECAF148A6CBA&cat=5"
}