{
    "comment": "\nDistance: 1400m (upriver) Conditions: Beautiful conditions, with light chop and moderate current building slightly through the afternoon. All races started from the same position, but conditions seemed a bit faster for the lower boats compared with the first boat races. Comments: Thank you to Nobles and Deerfield athletes and coaches for some great racing today on the beautiful Connecticut River.\n\nNone",
    "day": "2024-05-11",
    "heats": [
        {
            "class": "fours",
            "gender": "boys",
            "results": [
                {
                    "margin_from_winner": 0,
                    "raw_time": "5:07.0",
                    "school": "Nobles"
                },
                {
                    "margin_from_winner": 7.2,
                    "raw_time": "5:14.2",
                    "school": "NMH"
                }
            ],
            "varsity_index": "1"
        },
        {
            "class": "fours",
            "gender": "boys",
            "results": [
                {
                    "margin_from_winner": 0,
                    "raw_time": "5:07.3",
                    "school": "Nobles"
                },
                {
                    "margin_from_winner": 19.1,
                    "raw_time": "5:26.4",
                    "school": "NMH"
                }
            ],
            "varsity_index": "2"
        },
        {
            "class": "fours",
            "gender": "boys",
            "results": [
                {
                    "margin_from_winner": 0,
                    "raw_time": "5:11.8",
                    "school": "Nobles"
                },
                {
                    "margin_from_winner": 27.7,
                    "raw_time": "5:39.5",
                    "school": "NMH"
                }
            ],
            "varsity_index": "3"
        },
        {
            "class": "fours",
            "gender": "boys",
            "results": [
                {
                    "margin_from_winner": 0,
                    "raw_time": "5:09.6",
                    "school": "Nobles"
                },
                {
                    "margin_from_winner": 79.8,
                    "raw_time": "6:29.4",
                    "school": "NMH"
                }
            ],
            "varsity_index": "4"
        },
        {
            "class": "fours",
            "gender": "boys",
            "results": [
                {
                    "margin_from_winner": 0,
                    "raw_time": "5:43.5",
                    "school": "NMH"
                },
                {
                    "margin_from_winner": 1.7,
                    "raw_time": "5:45.2",
                    "school": "Nobles"
                }
            ],
            "varsity_index": "6"
        },
        {
            "class": "fours",
            "gender": "girls",
            "results": [
                {
                    "margin_from_winner": 0,
                    "raw_time": "5:39",
                    "school": "Nobles"
                },
                {
                    "margin_from_winner": 35.0,
                    "raw_time": "6:14",
                    "school": "NMH"
                }
            ],
            "varsity_index": "1"
        },
        {
            "class": "fours",
            "gender": "girls",
            "results": [
                {
                    "margin_from_winner": 0,
                    "raw_time": "5:58",
                    "school": "Nobles"
                },
                {
                    "margin_from_winner": 22.0,
                    "raw_time": "6:20",
                    "school": "NMH"
                }
            ],
            "varsity_index": "2"
        },
        {
            "class": "fours",
            "gender": "girls",
            "results": [
                {
                    "margin_from_winner": 0,
                    "raw_time": "5:55",
                    "school": "Nobles"
                },
                {
                    "margin_from_winner": 31.0,
                    "raw_time": "6:26",
                    "school": "NMH"
                }
            ],
            "varsity_index": "3"
        },
        {
            "class": "fours",
            "gender": "girls",
            "results": [
                {
                    "margin_from_winner": 0,
                    "raw_time": "6:08",
                    "school": "Nobles"
                },
                {
                    "margin_from_winner": 35.0,
                    "raw_time": "6:43",
                    "school": "NMH"
                }
            ],
            "varsity_index": "4"
        },
        {
            "class": "fours",
            "gender": "girls",
            "results": [
                {
                    "margin_from_winner": 0,
                    "raw_time": "6:31.3",
                    "school": "Nobles"
                },
                {
                    "margin_from_winner": 101.1,
                    "raw_time": "8:12.4",
                    "school": "NMH"
                }
            ],
            "varsity_index": "5"
        }
    ],
    "regatta_display_name": "NEIRA Boys & Girls Fours,NMH vs Nobles and Deerfield",
    "url": "https://www.row2k.com/results/resultspage.cfm?UID=ECD4EEF2AD48B36F9C3A8B012076D26E&cat=5"
}