{
    "comment": "\nDistance: 1500 meters Conditions: Order of racing G3, G2, G1. Light cross headwind with some gusts for G3, shifting to a stronger headwind as the racing went on. Comments: Many thanks to the Tabor crews and coaches for a great afternoon of racing!\n\nNone",
    "day": "2024-04-20",
    "heats": [
        {
            "class": "eights",
            "gender": "girls",
            "results": [
                {
                    "margin_from_winner": 0,
                    "raw_time": "5:35.2",
                    "school": "St. Paul's"
                },
                {
                    "margin_from_winner": 27.8,
                    "raw_time": "6:03.0",
                    "school": "Tabor"
                }
            ],
            "varsity_index": "1"
        },
        {
            "class": "eights",
            "gender": "girls",
            "results": [
                {
                    "margin_from_winner": 0,
                    "raw_time": "5:49.0",
                    "school": "St. Paul's"
                },
                {
                    "margin_from_winner": 35.7,
                    "raw_time": "6:24.7",
                    "school": "Tabor"
                }
            ],
            "varsity_index": "2"
        },
        {
            "class": "eights",
            "gender": "girls",
            "results": [
                {
                    "margin_from_winner": 0,
                    "raw_time": "6:01.1",
                    "school": "St. Paul's"
                },
                {
                    "margin_from_winner": 35.4,
                    "raw_time": "6:36.5",
                    "school": "Tabor"
                }
            ],
            "varsity_index": "3"
        }
    ],
    "regatta_display_name": "NEIRA Girls Eights,Tabor Academy vs. St. Paul's School",
    "url": "https://www.row2k.com/results/resultspage.cfm?UID=F2367A51152F8F6EC4B51CCAE18DFD06&cat=1"
}