{
    "comment": "\nDistance: 1350 M Conditions: Crossing tail wind at the start, to crossing head wind in last 1/3. Conmditions varoed durig the day Comments: A good day for all racers lining up in a crossing tail wind at the start.\n\nNone",
    "day": "2024-04-13",
    "heats": [
        {
            "class": "fours",
            "gender": "boys",
            "results": [
                {
                    "margin_from_winner": 0,
                    "raw_time": "4:28.07",
                    "school": "Cambridge RLS"
                },
                {
                    "margin_from_winner": 0.87,
                    "raw_time": "4:28.94",
                    "school": "BB&N"
                }
            ],
            "varsity_index": "1"
        },
        {
            "class": "fours",
            "gender": "boys",
            "results": [
                {
                    "margin_from_winner": 0,
                    "raw_time": "4:33.17",
                    "school": "BB&N"
                },
                {
                    "margin_from_winner": 3.04,
                    "raw_time": "4:36.21",
                    "school": "Cambridge RLS"
                }
            ],
            "varsity_index": "2"
        },
        {
            "class": "fours",
            "gender": "boys",
            "results": [
                {
                    "margin_from_winner": 0,
                    "raw_time": "4:42.79",
                    "school": "BB&N"
                },
                {
                    "margin_from_winner": 12.26,
                    "raw_time": "4:55.05",
                    "school": "Cambridge RLS"
                }
            ],
            "varsity_index": "3"
        },
        {
            "class": "fours",
            "gender": "boys",
            "results": [
                {
                    "margin_from_winner": 0,
                    "raw_time": "4:57.24",
                    "school": "Cambridge RLS"
                },
                {
                    "margin_from_winner": 4.36,
                    "raw_time": "5:01.60",
                    "school": "BB&N"
                }
            ],
            "varsity_index": "4"
        },
        {
            "class": "fours",
            "gender": "boys",
            "results": [
                {
                    "margin_from_winner": 0,
                    "raw_time": "5:07.96",
                    "school": "Cambridge RLS"
                },
                {
                    "margin_from_winner": 8.74,
                    "raw_time": "5:16.70",
                    "school": "BB&N"
                }
            ],
            "varsity_index": "5"
        },
        {
            "class": "fours",
            "gender": "girls",
            "results": [
                {
                    "margin_from_winner": 0,
                    "raw_time": "4:51.6",
                    "school": "BB&N"
                },
                {
                    "margin_from_winner": 9.8,
                    "raw_time": "5:01.4",
                    "school": "Cambridge RLS"
                }
            ],
            "varsity_index": "1"
        },
        {
            "class": "fours",
            "gender": "girls",
            "results": [
                {
                    "margin_from_winner": 0,
                    "raw_time": "5:10.8",
                    "school": "Cambridge RLS"
                },
                {
                    "margin_from_winner": 15.3,
                    "raw_time": "5:26.1",
                    "school": "BB&N"
                }
            ],
            "varsity_index": "2"
        },
        {
            "class": "fours",
            "gender": "girls",
            "results": [
                {
                    "margin_from_winner": 0,
                    "raw_time": "5:13.1",
                    "school": "Cambridge RLS"
                },
                {
                    "margin_from_winner": 0.4,
                    "raw_time": "5.13.5",
                    "school": "BB&N"
                }
            ],
            "varsity_index": "3"
        },
        {
            "class": "fours",
            "gender": "girls",
            "results": [
                {
                    "margin_from_winner": 0,
                    "raw_time": "5;20.4",
                    "school": "BB&N"
                },
                {
                    "margin_from_winner": 18.4,
                    "raw_time": "5:38.8",
                    "school": "Cambridge RLS"
                }
            ],
            "varsity_index": "4"
        },
        {
            "class": "fours",
            "gender": "girls",
            "results": [
                {
                    "margin_from_winner": 0,
                    "raw_time": "5:39.2",
                    "school": "BB&N"
                },
                {
                    "margin_from_winner": 30.5,
                    "raw_time": "6:09.7",
                    "school": "Cambridge RLS"
                }
            ],
            "varsity_index": "5"
        }
    ],
    "regatta_display_name": "NEIRA Boys & Girls Fours,BB&N CRLS",
    "url": "https://www.row2k.com/results/resultspage.cfm?UID=F2BDD2379584CF678DC6C30959529211&cat=5"
}