{
    "comment": "\nDistance: 1500 meters\n\nNone",
    "day": "2024-04-20",
    "heats": [
        {
            "class": "fours",
            "gender": "girls",
            "results": [
                {
                    "margin_from_winner": 0,
                    "raw_time": "7:25",
                    "school": "BU Academy"
                },
                {
                    "margin_from_winner": 40.0,
                    "raw_time": "8:05",
                    "school": "Pingree"
                }
            ],
            "varsity_index": "1"
        }
    ],
    "regatta_display_name": "NEIRA Girls Fours,Pingree School, Boston University Academy",
    "url": "https://www.row2k.com/results/resultspage.cfm?UID=F3BA116ED6CBF64FC2111D7DC005C4D7&cat=1"
}