{
    "comment": "\nDistance: 1500 Meters Conditions: Moderate cross-head wind coming from Lane 1, increasing in speed throughout the day. Comments: Races were floating starts, please do not compare times. B4 race started about 150 meters over the line. Thank you everyone for a great day of racing. A special thank you to St. John's and Shrewsbury for hosting the day.\n\nNone",
    "day": "2024-04-27",
    "heats": [
        {
            "class": "eights",
            "gender": "boys",
            "results": [
                {
                    "margin_from_winner": 0,
                    "raw_time": "5:16.9",
                    "school": "Duxbury"
                },
                {
                    "margin_from_winner": 1.8,
                    "raw_time": "5:18.7",
                    "school": "Brookline"
                },
                {
                    "margin_from_winner": 11.3,
                    "raw_time": "5:28.2",
                    "school": "East Lyme"
                },
                {
                    "margin_from_winner": 12.8,
                    "raw_time": "5:29.7",
                    "school": "Shrewsbury"
                },
                {
                    "margin_from_winner": 16.9,
                    "raw_time": "5:33.8",
                    "school": "St. John's"
                },
                {
                    "margin_from_winner": 28.9,
                    "raw_time": "5:45.8",
                    "school": "Simsbury"
                }
            ],
            "varsity_index": "1"
        },
        {
            "class": "eights",
            "gender": "boys",
            "results": [
                {
                    "margin_from_winner": 0,
                    "raw_time": "5:12.2",
                    "school": "Brookline"
                },
                {
                    "margin_from_winner": 5.5,
                    "raw_time": "5:17.7",
                    "school": "St. John's"
                },
                {
                    "margin_from_winner": 13.8,
                    "raw_time": "5:26.0",
                    "school": "Duxbury"
                },
                {
                    "margin_from_winner": 22.7,
                    "raw_time": "5:34.9",
                    "school": "Shrewsbury"
                },
                {
                    "margin_from_winner": 36.1,
                    "raw_time": "5:48.3",
                    "school": "Simsbury"
                },
                {
                    "margin_from_winner": 41.4,
                    "raw_time": "5:53.6",
                    "school": "East Lyme"
                }
            ],
            "varsity_index": "2"
        },
        {
            "class": "eights",
            "gender": "boys",
            "results": [
                {
                    "margin_from_winner": 0,
                    "raw_time": "5:30.9",
                    "school": "St. John's"
                },
                {
                    "margin_from_winner": 9.5,
                    "raw_time": "5:40.4",
                    "school": "Brookline"
                },
                {
                    "margin_from_winner": 18.8,
                    "raw_time": "5:49.7",
                    "school": "Duxbury"
                },
                {
                    "margin_from_winner": 54.2,
                    "raw_time": "6:25.1",
                    "school": "Simsbury"
                }
            ],
            "varsity_index": "3"
        },
        {
            "class": "eights",
            "gender": "boys",
            "results": [
                {
                    "margin_from_winner": 0,
                    "raw_time": "4:59.3",
                    "school": "Brookline"
                },
                {
                    "margin_from_winner": 22.3,
                    "raw_time": "5:21.6",
                    "school": "St. John's"
                },
                {
                    "margin_from_winner": 26.5,
                    "raw_time": "5:25.8",
                    "school": "East Lyme"
                },
                {
                    "margin_from_winner": 37.9,
                    "raw_time": "5:37.2",
                    "school": "Duxbury"
                },
                {
                    "margin_from_winner": 82.2,
                    "raw_time": "6:21.5",
                    "school": "Simsbury"
                }
            ],
            "varsity_index": "4"
        },
        {
            "class": "eights",
            "gender": "girls",
            "results": [
                {
                    "margin_from_winner": 0,
                    "raw_time": "5:47.7",
                    "school": "Duxbury"
                },
                {
                    "margin_from_winner": 2.2,
                    "raw_time": "5:49.9",
                    "school": "Brookline"
                },
                {
                    "margin_from_winner": 21.6,
                    "raw_time": "6:09.3",
                    "school": "Simsbury"
                },
                {
                    "margin_from_winner": 26.8,
                    "raw_time": "6:14.5",
                    "school": "East Lyme"
                },
                {
                    "margin_from_winner": 34.0,
                    "raw_time": "6:21.7",
                    "school": "Shrewsbury"
                }
            ],
            "varsity_index": "1"
        },
        {
            "class": "eights",
            "gender": "girls",
            "results": [
                {
                    "margin_from_winner": 0,
                    "raw_time": "6:06.7",
                    "school": "Brookline"
                },
                {
                    "margin_from_winner": 4.5,
                    "raw_time": "6:11.2",
                    "school": "Duxbury"
                },
                {
                    "margin_from_winner": 18.3,
                    "raw_time": "6:25.0",
                    "school": "Simsbury"
                },
                {
                    "margin_from_winner": 29.5,
                    "raw_time": "6:36.2",
                    "school": "East Lyme"
                },
                {
                    "margin_from_winner": 35.6,
                    "raw_time": "6:42.3",
                    "school": "Shrewsbury"
                }
            ],
            "varsity_index": "2"
        },
        {
            "class": "eights",
            "gender": "girls",
            "results": [
                {
                    "margin_from_winner": 0,
                    "raw_time": "6:30.4",
                    "school": "Duxbury"
                },
                {
                    "margin_from_winner": 30.0,
                    "raw_time": "7:00.4",
                    "school": "Brookline"
                },
                {
                    "margin_from_winner": 45.7,
                    "raw_time": "7:16.1",
                    "school": "Simsbury"
                }
            ],
            "varsity_index": "3"
        },
        {
            "class": "eights",
            "gender": "girls",
            "results": [
                {
                    "margin_from_winner": 0,
                    "raw_time": "7:06.1",
                    "school": "Duxbury"
                },
                {
                    "margin_from_winner": 32.2,
                    "raw_time": "7:38.3",
                    "school": "Shrewsbury"
                },
                {
                    "margin_from_winner": 58.5,
                    "raw_time": "8:04.6",
                    "school": "East Lyme"
                }
            ],
            "varsity_index": "4"
        }
    ],
    "regatta_display_name": "NEIRA Boys & Girls Eights,Quinsigamond Cup",
    "url": "https://www.row2k.com/results/resultspage.cfm?UID=F53649D79E043E34EE3AC26D08EB4BB0&cat=5"
}