{
    "comment": "\nDistance: 1500M Conditions: Swirling, gusty winds - 12 to 15MPH, with stronger gusts. Slight tail at the start for first 300 meters, switching to a crossing through 800M mark, then crossing headwind, some strong crossing gusts. Despite the wind, not much chop on the water. Comments: Order of Races, B4, B3, B2, B1 with girls' races in between.\n\nNone",
    "day": "2024-04-24",
    "heats": [
        {
            "class": "fours",
            "gender": "boys",
            "results": [
                {
                    "margin_from_winner": 0,
                    "raw_time": "5:21.1",
                    "school": "Berkshire Academy"
                },
                {
                    "margin_from_winner": 4.9,
                    "raw_time": "5:26.0",
                    "school": "Pomfret"
                },
                {
                    "margin_from_winner": 92.7,
                    "raw_time": "6:53.8",
                    "school": "Marianapolis Prep"
                }
            ],
            "varsity_index": "1"
        },
        {
            "class": "fours",
            "gender": "boys",
            "results": [
                {
                    "margin_from_winner": 0,
                    "raw_time": "5:51.6",
                    "school": "Pomfret"
                },
                {
                    "margin_from_winner": 7.2,
                    "raw_time": "5:58.8",
                    "school": "Berkshire Academy"
                }
            ],
            "varsity_index": "2"
        },
        {
            "class": "fours",
            "gender": "boys",
            "results": [
                {
                    "margin_from_winner": 0,
                    "raw_time": "6:10.9",
                    "school": "Berkshire Academy"
                },
                {
                    "margin_from_winner": 9.5,
                    "raw_time": "6:20.4",
                    "school": "Pomfret"
                }
            ],
            "varsity_index": "3"
        },
        {
            "class": "fours",
            "gender": "boys",
            "results": [
                {
                    "margin_from_winner": 0,
                    "raw_time": "6:26.3",
                    "school": "Pomfret"
                },
                {
                    "margin_from_winner": 12.5,
                    "raw_time": "6:38.8",
                    "school": "Berkshire Academy"
                }
            ],
            "varsity_index": "4"
        }
    ],
    "regatta_display_name": "NEIRA Boys Fours,Pomfret v. Berkshire, Marianapolis",
    "url": "https://www.row2k.com/results/resultspage.cfm?UID=F948FF189D877062CEBEAD4C9A9EE5CF&cat=1"
}