{
    "comment": "\nDistance: 1300m Conditions: Clear sunny day, great racing conditions. Slight wind picked up for GN8 and G4\n\nNone",
    "day": "2024-04-27",
    "heats": [
        {
            "class": "eights",
            "gender": "girls",
            "results": [
                {
                    "margin_from_winner": 0,
                    "raw_time": "4:49",
                    "school": "Boston Latin"
                },
                {
                    "margin_from_winner": 11.0,
                    "raw_time": "5:00",
                    "school": "Stonington"
                }
            ],
            "varsity_index": "1"
        },
        {
            "class": "eights",
            "gender": "girls",
            "results": [
                {
                    "margin_from_winner": 0,
                    "raw_time": "5:43",
                    "school": "Boston Latin"
                },
                {
                    "margin_from_winner": 14.0,
                    "raw_time": "5:57",
                    "school": "Stonington"
                }
            ],
            "varsity_index": "4"
        }
    ],
    "regatta_display_name": "NEIRA Girls Eights,Boston Latin vs. Stonington",
    "url": "https://www.row2k.com/results/resultspage.cfm?UID=FC505734D40BB4653F0FD2256147C467&cat=1"
}