{
    "comment": "\nDistance: 1650 Conditions: Tail current. Flat water. Light crosswind. Great racing conditions. Comments: Times should not be compared - the B3 race started a length plus past the starting line, the G4 race started well below the starting line.\nThank you to all the crews for great competition and sportsmanship. Good luck this season!\n\nNone",
    "day": "2024-04-20",
    "heats": [
        {
            "class": "eights",
            "gender": "boys",
            "results": [
                {
                    "margin_from_winner": 0,
                    "raw_time": "4:26.9",
                    "school": "Andover"
                },
                {
                    "margin_from_winner": 10.7,
                    "raw_time": "4:37.6",
                    "school": "BC High"
                },
                {
                    "margin_from_winner": 16.0,
                    "raw_time": "4:42.9",
                    "school": "St. John's Prep"
                }
            ],
            "varsity_index": "1"
        },
        {
            "class": "eights",
            "gender": "boys",
            "results": [
                {
                    "margin_from_winner": 0,
                    "raw_time": "4:41.8",
                    "school": "BC High"
                },
                {
                    "margin_from_winner": 2.0,
                    "raw_time": "4:43.8",
                    "school": "Andover"
                },
                {
                    "margin_from_winner": 19.6,
                    "raw_time": "5:01.4",
                    "school": "St. John's Prep"
                }
            ],
            "varsity_index": "2"
        },
        {
            "class": "eights",
            "gender": "boys",
            "results": [
                {
                    "margin_from_winner": 0,
                    "raw_time": "4:39.9",
                    "school": "Andover"
                },
                {
                    "margin_from_winner": 11.5,
                    "raw_time": "4:51.4",
                    "school": "BC High"
                },
                {
                    "margin_from_winner": 20.9,
                    "raw_time": "5:00.8",
                    "school": "St. John's Prep"
                }
            ],
            "varsity_index": "3"
        },
        {
            "class": "eights",
            "gender": "boys",
            "results": [
                {
                    "margin_from_winner": 0,
                    "raw_time": "4:51.0",
                    "school": "Andover"
                },
                {
                    "margin_from_winner": 23.9,
                    "raw_time": "5:14.9",
                    "school": "BC High"
                },
                {
                    "margin_from_winner": 54.5,
                    "raw_time": "5:45.5",
                    "school": "St. John's Prep"
                }
            ],
            "varsity_index": "4"
        },
        {
            "class": "eights",
            "gender": "girls",
            "results": [
                {
                    "margin_from_winner": 0,
                    "raw_time": "4:53.3",
                    "school": "Deerfield"
                },
                {
                    "margin_from_winner": 6.7,
                    "raw_time": "5:00.0",
                    "school": "Andover"
                }
            ],
            "varsity_index": "1"
        },
        {
            "class": "eights",
            "gender": "girls",
            "results": [
                {
                    "margin_from_winner": 0,
                    "raw_time": "5:11.5",
                    "school": "Deerfield"
                },
                {
                    "margin_from_winner": 0.6,
                    "raw_time": "5:12.1",
                    "school": "Andover"
                }
            ],
            "varsity_index": "2"
        },
        {
            "class": "eights",
            "gender": "girls",
            "results": [
                {
                    "margin_from_winner": 0,
                    "raw_time": "5:23.8",
                    "school": "Deerfield"
                },
                {
                    "margin_from_winner": 17.7,
                    "raw_time": "5:41.5",
                    "school": "Andover"
                }
            ],
            "varsity_index": "3"
        },
        {
            "class": "eights",
            "gender": "girls",
            "results": [
                {
                    "margin_from_winner": 0,
                    "raw_time": "5:15.9",
                    "school": "Andover"
                },
                {
                    "margin_from_winner": 2.7,
                    "raw_time": "5:18.6",
                    "school": "Deerfield"
                }
            ],
            "varsity_index": "4"
        }
    ],
    "regatta_display_name": "NEIRA Boys & Girls Eights,Andover vs. Deerfield (Girls), CRI (Girls), St. John's Prep (Boys), BC High (Boys)",
    "url": "https://www.row2k.com/results/resultspage.cfm?UID=FFB53DA96B577A62FC50202B0BC40DF0&cat=5"
}